"No.","Time","Source","Destination","Protocol","Length","Info"
"1","0.000000","192.168.100.1","192.168.100.255","UDP","86","46573  >  8668 Len=44"
"2","1.000375","192.168.100.1","192.168.100.255","UDP","86","46573  >  8668 Len=44"
"3","2.001590","192.168.100.1","192.168.100.255","UDP","86","46573  >  8668 Len=44"
"4","3.001822","192.168.100.1","192.168.100.255","UDP","86","46573  >  8668 Len=44"
"5","3.686330","192.168.100.102","192.168.100.1","TCP","66","49736  >  8888 [SYN] Seq=0 Win=32768 Len=0 MSS=1460 WS=1 SACK_PERM"
"6","3.689648","192.168.100.1","192.168.100.102","TCP","66","8888  >  49736 [SYN, ACK] Seq=0 Ack=1 Win=14600 Len=0 MSS=1460 SACK_PERM WS=8"
"7","3.689772","192.168.100.102","192.168.100.1","TCP","54","49736  >  8888 [ACK] Seq=1 Ack=1 Win=32768 Len=0"
"8","3.691312","192.168.100.102","192.168.100.1","TCP","75","49736  >  8888 [PSH, ACK] Seq=1 Ack=1 Win=32768 Len=21"
"9","3.691943","192.168.100.102","192.168.100.1","TCP","75","49736  >  8888 [PSH, ACK] Seq=22 Ack=1 Win=32768 Len=21"
"10","3.695454","192.168.100.1","192.168.100.102","TCP","54","8888  >  49736 [ACK] Seq=1 Ack=22 Win=14600 Len=0"
"11","3.695454","192.168.100.1","192.168.100.102","TCP","54","8888  >  49736 [ACK] Seq=1 Ack=43 Win=14600 Len=0"
"12","3.755548","192.168.100.1","192.168.100.102","TCP","94","8888  >  49736 [PSH, ACK] Seq=1 Ack=43 Win=14600 Len=40"
"13","3.801942","192.168.100.102","192.168.100.1","TCP","54","49736  >  8888 [ACK] Seq=43 Ack=41 Win=32728 Len=0"
"14","3.805007","192.168.100.1","192.168.100.102","TCP","320","8888  >  49736 [PSH, ACK] Seq=41 Ack=43 Win=14600 Len=266"
"15","3.848334","192.168.100.102","192.168.100.1","TCP","54","49736  >  8888 [ACK] Seq=43 Ack=307 Win=32462 Len=0"
"16","4.015361","192.168.100.1","192.168.100.102","ICMP","98","Echo (ping) request  id=0x1b25, seq=0/0, ttl=64 (reply in 17)"
"17","4.015745","192.168.100.102","192.168.100.1","ICMP","98","Echo (ping) reply    id=0x1b25, seq=0/0, ttl=128 (request in 16)"
"18","4.026226","192.168.100.1","192.168.100.102","TCP","494","8888  >  49736 [PSH, ACK] Seq=307 Ack=43 Win=14600 Len=440"
"19","4.070581","192.168.100.1","192.168.100.255","UDP","86","46573  >  8668 Len=44"
"20","4.081080","192.168.100.102","192.168.100.1","TCP","54","49736  >  8888 [ACK] Seq=43 Ack=747 Win=32022 Len=0"
"21","4.084411","192.168.100.1","192.168.100.102","TCP","174","8888  >  49736 [PSH, ACK] Seq=747 Ack=43 Win=14600 Len=120"
"22","4.128030","192.168.100.102","192.168.100.1","TCP","54","49736  >  8888 [ACK] Seq=43 Ack=867 Win=31902 Len=0"
"23","4.130759","192.168.100.1","192.168.100.102","TCP","134","8888  >  49736 [PSH, ACK] Seq=867 Ack=43 Win=14600 Len=80"
"24","4.175948","192.168.100.102","192.168.100.1","TCP","54","49736  >  8888 [ACK] Seq=43 Ack=947 Win=31822 Len=0"
"25","4.178859","192.168.100.1","192.168.100.102","TCP","174","8888  >  49736 [PSH, ACK] Seq=947 Ack=43 Win=14600 Len=120"
"26","4.221581","192.168.100.102","192.168.100.1","TCP","54","49736  >  8888 [ACK] Seq=43 Ack=1067 Win=31702 Len=0"
"27","4.224564","192.168.100.1","192.168.100.102","TCP","134","8888  >  49736 [PSH, ACK] Seq=1067 Ack=43 Win=14600 Len=80"
"28","4.267203","192.168.100.102","192.168.100.1","TCP","54","49736  >  8888 [ACK] Seq=43 Ack=1147 Win=31622 Len=0"
"29","4.269897","192.168.100.1","192.168.100.102","TCP","134","8888  >  49736 [PSH, ACK] Seq=1147 Ack=43 Win=14600 Len=80"
"30","4.313527","192.168.100.102","192.168.100.1","TCP","54","49736  >  8888 [ACK] Seq=43 Ack=1227 Win=31542 Len=0"
"31","4.316615","192.168.100.1","192.168.100.102","TCP","134","8888  >  49736 [PSH, ACK] Seq=1227 Ack=43 Win=14600 Len=80"
"32","4.360564","192.168.100.102","192.168.100.1","TCP","54","49736  >  8888 [ACK] Seq=43 Ack=1307 Win=31462 Len=0"
"33","4.363507","192.168.100.1","192.168.100.102","TCP","278","8888  >  49736 [PSH, ACK] Seq=1307 Ack=43 Win=14600 Len=224"
"34","4.406819","192.168.100.102","192.168.100.1","TCP","54","49736  >  8888 [ACK] Seq=43 Ack=1531 Win=32768 Len=0"
"35","4.409396","192.168.100.1","192.168.100.102","TCP","134","8888  >  49736 [PSH, ACK] Seq=1531 Ack=43 Win=14600 Len=80"
"36","4.453720","192.168.100.102","192.168.100.1","TCP","54","49736  >  8888 [ACK] Seq=43 Ack=1611 Win=32688 Len=0"
"37","4.456858","192.168.100.1","192.168.100.102","TCP","134","8888  >  49736 [PSH, ACK] Seq=1611 Ack=43 Win=14600 Len=80"
"38","4.499599","192.168.100.102","192.168.100.1","TCP","54","49736  >  8888 [ACK] Seq=43 Ack=1691 Win=32608 Len=0"
"39","4.502449","192.168.100.1","192.168.100.102","TCP","174","8888  >  49736 [PSH, ACK] Seq=1691 Ack=43 Win=14600 Len=120"
"40","4.546120","192.168.100.102","192.168.100.1","TCP","54","49736  >  8888 [ACK] Seq=43 Ack=1811 Win=32488 Len=0"
"41","4.549230","192.168.100.1","192.168.100.102","TCP","134","8888  >  49736 [PSH, ACK] Seq=1811 Ack=43 Win=14600 Len=80"
"42","4.591912","192.168.100.102","192.168.100.1","TCP","54","49736  >  8888 [ACK] Seq=43 Ack=1891 Win=32408 Len=0"
"43","4.596005","192.168.100.1","192.168.100.102","TCP","134","8888  >  49736 [PSH, ACK] Seq=1891 Ack=43 Win=14600 Len=80"
"44","4.638118","192.168.100.102","192.168.100.1","TCP","54","49736  >  8888 [ACK] Seq=43 Ack=1971 Win=32328 Len=0"
"45","4.642050","192.168.100.1","192.168.100.102","TCP","134","8888  >  49736 [PSH, ACK] Seq=1971 Ack=43 Win=14600 Len=80"
"46","4.684895","192.168.100.102","192.168.100.1","TCP","54","49736  >  8888 [ACK] Seq=43 Ack=2051 Win=32248 Len=0"
"47","4.688275","192.168.100.1","192.168.100.102","TCP","174","8888  >  49736 [PSH, ACK] Seq=2051 Ack=43 Win=14600 Len=120"
"48","4.700393","192.168.100.102","192.168.100.1","TCP","75","49736  >  8888 [PSH, ACK] Seq=43 Ack=2171 Win=32128 Len=21"
"49","4.703311","192.168.100.1","192.168.100.102","TCP","54","8888  >  49736 [ACK] Seq=2171 Ack=64 Win=14600 Len=0"
"50","4.703311","192.168.100.1","192.168.100.102","TCP","94","8888  >  49736 [PSH, ACK] Seq=2171 Ack=64 Win=14600 Len=40"
"51","4.747722","192.168.100.102","192.168.100.1","TCP","54","49736  >  8888 [ACK] Seq=64 Ack=2211 Win=32088 Len=0"
"52","4.750933","192.168.100.1","192.168.100.102","TCP","240","8888  >  49736 [PSH, ACK] Seq=2211 Ack=64 Win=14600 Len=186"
"53","4.794090","192.168.100.102","192.168.100.1","TCP","54","49736  >  8888 [ACK] Seq=64 Ack=2397 Win=31902 Len=0"
"54","4.797155","192.168.100.1","192.168.100.102","TCP","134","8888  >  49736 [PSH, ACK] Seq=2397 Ack=64 Win=14600 Len=80"
"55","4.840151","192.168.100.102","192.168.100.1","TCP","54","49736  >  8888 [ACK] Seq=64 Ack=2477 Win=31822 Len=0"
"56","4.845338","192.168.100.1","192.168.100.102","TCP","134","8888  >  49736 [PSH, ACK] Seq=2477 Ack=64 Win=14600 Len=80"
"57","4.887885","192.168.100.102","192.168.100.1","TCP","54","49736  >  8888 [ACK] Seq=64 Ack=2557 Win=31742 Len=0"
"58","4.891160","192.168.100.1","192.168.100.102","TCP","174","8888  >  49736 [PSH, ACK] Seq=2557 Ack=64 Win=14600 Len=120"
"59","4.934612","192.168.100.102","192.168.100.1","TCP","54","49736  >  8888 [ACK] Seq=64 Ack=2677 Win=31622 Len=0"
"60","4.937932","192.168.100.1","192.168.100.102","TCP","134","8888  >  49736 [PSH, ACK] Seq=2677 Ack=64 Win=14600 Len=80"
"61","4.980320","192.168.100.102","192.168.100.1","TCP","54","49736  >  8888 [ACK] Seq=64 Ack=2757 Win=31542 Len=0"
"62","4.983620","192.168.100.1","192.168.100.102","TCP","134","8888  >  49736 [PSH, ACK] Seq=2757 Ack=64 Win=14600 Len=80"
"63","5.026392","192.168.100.102","192.168.100.1","TCP","54","49736  >  8888 [ACK] Seq=64 Ack=2837 Win=31462 Len=0"
"64","5.032426","192.168.100.1","192.168.100.102","TCP","174","8888  >  49736 [PSH, ACK] Seq=2837 Ack=64 Win=14600 Len=120"
"65","5.088187","192.168.100.102","192.168.100.1","TCP","54","49736  >  8888 [ACK] Seq=64 Ack=2957 Win=31342 Len=0"
"66","5.159408","192.168.100.1","192.168.100.102","ICMP","98","Echo (ping) request  id=0x3a25, seq=0/0, ttl=64 (reply in 67)"
"67","5.159845","192.168.100.102","192.168.100.1","ICMP","98","Echo (ping) reply    id=0x3a25, seq=0/0, ttl=128 (request in 66)"
"68","5.217215","192.168.100.1","192.168.100.255","UDP","86","46573  >  8668 Len=44"
"69","5.280136","192.168.100.1","192.168.100.102","TCP","534","8888  >  49736 [PSH, ACK] Seq=2957 Ack=64 Win=14600 Len=480"
"70","5.322025","192.168.100.102","192.168.100.1","TCP","54","49736  >  8888 [ACK] Seq=64 Ack=3437 Win=32768 Len=0"
"71","5.325033","192.168.100.1","192.168.100.102","TCP","134","8888  >  49736 [PSH, ACK] Seq=3437 Ack=64 Win=14600 Len=80"
"72","5.368051","192.168.100.102","192.168.100.1","TCP","54","49736  >  8888 [ACK] Seq=64 Ack=3517 Win=32688 Len=0"
"73","5.370883","192.168.100.1","192.168.100.102","TCP","174","8888  >  49736 [PSH, ACK] Seq=3517 Ack=64 Win=14600 Len=120"
"74","5.414624","192.168.100.102","192.168.100.1","TCP","54","49736  >  8888 [ACK] Seq=64 Ack=3637 Win=32568 Len=0"
"75","5.417930","192.168.100.1","192.168.100.102","TCP","238","8888  >  49736 [PSH, ACK] Seq=3637 Ack=64 Win=14600 Len=184"
"76","5.460541","192.168.100.102","192.168.100.1","TCP","54","49736  >  8888 [ACK] Seq=64 Ack=3821 Win=32384 Len=0"
"77","5.465359","192.168.100.1","192.168.100.102","TCP","134","8888  >  49736 [PSH, ACK] Seq=3821 Ack=64 Win=14600 Len=80"
"78","5.507157","192.168.100.102","192.168.100.1","TCP","54","49736  >  8888 [ACK] Seq=64 Ack=3901 Win=32304 Len=0"
"79","5.509781","192.168.100.1","192.168.100.102","TCP","174","8888  >  49736 [PSH, ACK] Seq=3901 Ack=64 Win=14600 Len=120"
"80","5.552087","192.168.100.102","192.168.100.1","TCP","54","49736  >  8888 [ACK] Seq=64 Ack=4021 Win=32184 Len=0"
"81","5.555017","192.168.100.1","192.168.100.102","TCP","134","8888  >  49736 [PSH, ACK] Seq=4021 Ack=64 Win=14600 Len=80"
"82","5.597499","192.168.100.102","192.168.100.1","TCP","54","49736  >  8888 [ACK] Seq=64 Ack=4101 Win=32104 Len=0"
"83","5.600805","192.168.100.1","192.168.100.102","TCP","134","8888  >  49736 [PSH, ACK] Seq=4101 Ack=64 Win=14600 Len=80"
"84","5.644266","192.168.100.102","192.168.100.1","TCP","54","49736  >  8888 [ACK] Seq=64 Ack=4181 Win=32024 Len=0"
"85","5.654532","192.168.100.1","192.168.100.102","TCP","174","8888  >  49736 [PSH, ACK] Seq=4181 Ack=64 Win=14600 Len=120"
"86","5.707091","192.168.100.102","192.168.100.1","TCP","54","49736  >  8888 [ACK] Seq=64 Ack=4301 Win=31904 Len=0"
"87","5.707589","192.168.100.102","192.168.100.1","TCP","75","49736  >  8888 [PSH, ACK] Seq=64 Ack=4301 Win=31904 Len=21"
"88","5.713629","192.168.100.1","192.168.100.102","TCP","174","8888  >  49736 [PSH, ACK] Seq=4301 Ack=64 Win=14600 Len=120"
"89","5.753638","192.168.100.1","192.168.100.102","TCP","54","8888  >  49736 [ACK] Seq=4421 Ack=85 Win=14600 Len=0"
"90","5.769386","192.168.100.102","192.168.100.1","TCP","54","49736  >  8888 [ACK] Seq=85 Ack=4421 Win=31784 Len=0"
"91","5.772683","192.168.100.1","192.168.100.102","TCP","280","8888  >  49736 [PSH, ACK] Seq=4421 Ack=85 Win=14600 Len=226"
"92","5.816434","192.168.100.102","192.168.100.1","TCP","54","49736  >  8888 [ACK] Seq=85 Ack=4647 Win=31558 Len=0"
"93","5.819290","192.168.100.1","192.168.100.102","TCP","134","8888  >  49736 [PSH, ACK] Seq=4647 Ack=85 Win=14600 Len=80"
"94","5.862327","192.168.100.102","192.168.100.1","TCP","54","49736  >  8888 [ACK] Seq=85 Ack=4727 Win=31478 Len=0"
"95","5.866366","192.168.100.1","192.168.100.102","TCP","134","8888  >  49736 [PSH, ACK] Seq=4727 Ack=85 Win=14600 Len=80"
"96","5.908348","192.168.100.102","192.168.100.1","TCP","54","49736  >  8888 [ACK] Seq=85 Ack=4807 Win=31398 Len=0"
"97","5.911042","192.168.100.1","192.168.100.102","TCP","174","8888  >  49736 [PSH, ACK] Seq=4807 Ack=85 Win=14600 Len=120"
"98","5.954277","192.168.100.102","192.168.100.1","TCP","54","49736  >  8888 [ACK] Seq=85 Ack=4927 Win=32768 Len=0"
"99","5.957274","192.168.100.1","192.168.100.102","TCP","134","8888  >  49736 [PSH, ACK] Seq=4927 Ack=85 Win=14600 Len=80"
"100","6.000852","192.168.100.102","192.168.100.1","TCP","54","49736  >  8888 [ACK] Seq=85 Ack=5007 Win=32688 Len=0"
"101","6.003699","192.168.100.1","192.168.100.102","TCP","134","8888  >  49736 [PSH, ACK] Seq=5007 Ack=85 Win=14600 Len=80"
"102","6.046797","192.168.100.102","192.168.100.1","TCP","54","49736  >  8888 [ACK] Seq=85 Ack=5087 Win=32608 Len=0"
"103","6.049606","192.168.100.1","192.168.100.102","TCP","174","8888  >  49736 [PSH, ACK] Seq=5087 Ack=85 Win=14600 Len=120"
"104","6.092995","192.168.100.102","192.168.100.1","TCP","54","49736  >  8888 [ACK] Seq=85 Ack=5207 Win=32488 Len=0"
"105","6.096649","192.168.100.1","192.168.100.102","TCP","134","8888  >  49736 [PSH, ACK] Seq=5207 Ack=85 Win=14600 Len=80"
"106","6.139592","192.168.100.102","192.168.100.1","TCP","54","49736  >  8888 [ACK] Seq=85 Ack=5287 Win=32408 Len=0"
"107","6.143006","192.168.100.1","192.168.100.102","TCP","134","8888  >  49736 [PSH, ACK] Seq=5287 Ack=85 Win=14600 Len=80"
"108","6.186299","192.168.100.102","192.168.100.1","TCP","54","49736  >  8888 [ACK] Seq=85 Ack=5367 Win=32328 Len=0"
"109","6.189071","192.168.100.1","192.168.100.102","TCP","174","8888  >  49736 [PSH, ACK] Seq=5367 Ack=85 Win=14600 Len=120"
"110","6.233372","192.168.100.102","192.168.100.1","TCP","54","49736  >  8888 [ACK] Seq=85 Ack=5487 Win=32208 Len=0"
"111","6.236336","192.168.100.1","192.168.100.102","TCP","134","8888  >  49736 [PSH, ACK] Seq=5487 Ack=85 Win=14600 Len=80"
"112","6.279873","192.168.100.102","192.168.100.1","TCP","54","49736  >  8888 [ACK] Seq=85 Ack=5567 Win=32128 Len=0"
"113","6.370594","192.168.100.1","192.168.100.102","ICMP","98","Echo (ping) request  id=0x5825, seq=0/0, ttl=64 (reply in 114)"
"114","6.371087","192.168.100.102","192.168.100.1","ICMP","98","Echo (ping) reply    id=0x5825, seq=0/0, ttl=128 (request in 113)"
"115","6.426432","192.168.100.1","192.168.100.255","UDP","86","46573  >  8668 Len=44"
"116","6.489206","192.168.100.1","192.168.100.102","TCP","678","8888  >  49736 [PSH, ACK] Seq=5567 Ack=85 Win=14600 Len=624"
"117","6.542346","192.168.100.102","192.168.100.1","TCP","54","49736  >  8888 [ACK] Seq=85 Ack=6191 Win=31504 Len=0"
"118","6.545435","192.168.100.1","192.168.100.102","TCP","134","8888  >  49736 [PSH, ACK] Seq=6191 Ack=85 Win=14600 Len=80"
"119","6.588122","192.168.100.102","192.168.100.1","TCP","54","49736  >  8888 [ACK] Seq=85 Ack=6271 Win=31424 Len=0"
"120","6.591008","192.168.100.1","192.168.100.102","TCP","174","8888  >  49736 [PSH, ACK] Seq=6271 Ack=85 Win=14600 Len=120"
"121","6.634029","192.168.100.102","192.168.100.1","TCP","54","49736  >  8888 [ACK] Seq=85 Ack=6391 Win=32768 Len=0"
"122","6.636959","192.168.100.1","192.168.100.102","TCP","134","8888  >  49736 [PSH, ACK] Seq=6391 Ack=85 Win=14600 Len=80"
"123","6.681514","192.168.100.102","192.168.100.1","TCP","54","49736  >  8888 [ACK] Seq=85 Ack=6471 Win=32688 Len=0"
"124","6.684441","192.168.100.1","192.168.100.102","TCP","134","8888  >  49736 [PSH, ACK] Seq=6471 Ack=85 Win=14600 Len=80"
"125","6.711706","192.168.100.102","192.168.100.1","TCP","75","49736  >  8888 [PSH, ACK] Seq=85 Ack=6551 Win=32608 Len=21"
"126","6.714605","192.168.100.1","192.168.100.102","TCP","134","8888  >  49736 [PSH, ACK] Seq=6551 Ack=106 Win=14600 Len=80"
"127","6.758362","192.168.100.102","192.168.100.1","TCP","54","49736  >  8888 [ACK] Seq=106 Ack=6631 Win=32528 Len=0"
"128","6.764256","192.168.100.1","192.168.100.102","TCP","240","8888  >  49736 [PSH, ACK] Seq=6631 Ack=106 Win=14600 Len=186"
"129","6.804261","192.168.100.102","192.168.100.1","TCP","54","49736  >  8888 [ACK] Seq=106 Ack=6817 Win=32342 Len=0"
"130","6.807256","192.168.100.1","192.168.100.102","TCP","134","8888  >  49736 [PSH, ACK] Seq=6817 Ack=106 Win=14600 Len=80"
"131","6.850538","192.168.100.102","192.168.100.1","TCP","54","49736  >  8888 [ACK] Seq=106 Ack=6897 Win=32262 Len=0"
"132","6.853545","192.168.100.1","192.168.100.102","TCP","134","8888  >  49736 [PSH, ACK] Seq=6897 Ack=106 Win=14600 Len=80"
"133","6.897562","192.168.100.102","192.168.100.1","TCP","54","49736  >  8888 [ACK] Seq=106 Ack=6977 Win=32182 Len=0"
"134","6.900601","192.168.100.1","192.168.100.102","TCP","174","8888  >  49736 [PSH, ACK] Seq=6977 Ack=106 Win=14600 Len=120"
"135","6.943754","192.168.100.102","192.168.100.1","TCP","54","49736  >  8888 [ACK] Seq=106 Ack=7097 Win=32062 Len=0"
"136","6.946900","192.168.100.1","192.168.100.102","TCP","134","8888  >  49736 [PSH, ACK] Seq=7097 Ack=106 Win=14600 Len=80"
"137","6.990099","192.168.100.102","192.168.100.1","TCP","54","49736  >  8888 [ACK] Seq=106 Ack=7177 Win=31982 Len=0"
"138","6.993214","192.168.100.1","192.168.100.102","TCP","174","8888  >  49736 [PSH, ACK] Seq=7177 Ack=106 Win=14600 Len=120"
"139","7.036383","192.168.100.102","192.168.100.1","TCP","54","49736  >  8888 [ACK] Seq=106 Ack=7297 Win=31862 Len=0"
"140","7.039501","192.168.100.1","192.168.100.102","TCP","134","8888  >  49736 [PSH, ACK] Seq=7297 Ack=106 Win=14600 Len=80"
"141","7.082737","192.168.100.102","192.168.100.1","TCP","54","49736  >  8888 [ACK] Seq=106 Ack=7377 Win=31782 Len=0"
"142","7.085627","192.168.100.1","192.168.100.102","TCP","134","8888  >  49736 [PSH, ACK] Seq=7377 Ack=106 Win=14600 Len=80"
"143","7.129057","192.168.100.102","192.168.100.1","TCP","54","49736  >  8888 [ACK] Seq=106 Ack=7457 Win=31702 Len=0"
"144","7.132005","192.168.100.1","192.168.100.102","TCP","134","8888  >  49736 [PSH, ACK] Seq=7457 Ack=106 Win=14600 Len=80"
"145","7.175150","192.168.100.102","192.168.100.1","TCP","54","49736  >  8888 [ACK] Seq=106 Ack=7537 Win=31622 Len=0"
"146","7.178103","192.168.100.1","192.168.100.102","TCP","174","8888  >  49736 [PSH, ACK] Seq=7537 Ack=106 Win=14600 Len=120"
"147","7.221924","192.168.100.102","192.168.100.1","TCP","54","49736  >  8888 [ACK] Seq=106 Ack=7657 Win=31502 Len=0"
"148","7.224996","192.168.100.1","192.168.100.102","TCP","134","8888  >  49736 [PSH, ACK] Seq=7657 Ack=106 Win=14600 Len=80"
"149","7.267937","192.168.100.102","192.168.100.1","TCP","54","49736  >  8888 [ACK] Seq=106 Ack=7737 Win=31422 Len=0"
"150","7.271193","192.168.100.1","192.168.100.102","TCP","134","8888  >  49736 [PSH, ACK] Seq=7737 Ack=106 Win=14600 Len=80"
"151","7.314584","192.168.100.102","192.168.100.1","TCP","54","49736  >  8888 [ACK] Seq=106 Ack=7817 Win=31342 Len=0"
"152","7.317710","192.168.100.1","192.168.100.102","TCP","174","8888  >  49736 [PSH, ACK] Seq=7817 Ack=106 Win=14600 Len=120"
"153","7.360994","192.168.100.102","192.168.100.1","TCP","54","49736  >  8888 [ACK] Seq=106 Ack=7937 Win=32768 Len=0"
"154","7.364137","192.168.100.1","192.168.100.102","TCP","134","8888  >  49736 [PSH, ACK] Seq=7937 Ack=106 Win=14600 Len=80"
"155","7.407267","192.168.100.102","192.168.100.1","TCP","54","49736  >  8888 [ACK] Seq=106 Ack=8017 Win=32688 Len=0"
"156","7.410120","192.168.100.1","192.168.100.102","TCP","134","8888  >  49736 [PSH, ACK] Seq=8017 Ack=106 Win=14600 Len=80"
"157","7.455650","192.168.100.102","192.168.100.1","TCP","54","49736  >  8888 [ACK] Seq=106 Ack=8097 Win=32608 Len=0"
"158","7.575476","192.168.100.1","192.168.100.102","ICMP","98","Echo (ping) request  id=0x7925, seq=0/0, ttl=64 (reply in 159)"
"159","7.575995","192.168.100.102","192.168.100.1","ICMP","98","Echo (ping) reply    id=0x7925, seq=0/0, ttl=128 (request in 158)"
"160","7.632668","192.168.100.1","192.168.100.255","UDP","86","46573  >  8668 Len=44"
"161","7.663452","192.168.100.1","192.168.100.102","TCP","678","8888  >  49736 [PSH, ACK] Seq=8097 Ack=106 Win=14600 Len=624"
"162","7.718993","192.168.100.102","192.168.100.1","TCP","54","49736  >  8888 [ACK] Seq=106 Ack=8721 Win=31984 Len=0"
"163","7.719658","192.168.100.102","192.168.100.1","TCP","75","49736  >  8888 [PSH, ACK] Seq=106 Ack=8721 Win=31984 Len=21"
"164","7.722454","192.168.100.1","192.168.100.102","TCP","174","8888  >  49736 [PSH, ACK] Seq=8721 Ack=106 Win=14600 Len=120"
"165","7.763286","192.168.100.1","192.168.100.102","TCP","54","8888  >  49736 [ACK] Seq=8841 Ack=127 Win=14600 Len=0"
"166","7.764856","192.168.100.102","192.168.100.1","TCP","54","49736  >  8888 [ACK] Seq=127 Ack=8841 Win=31864 Len=0"
"167","7.767790","192.168.100.1","192.168.100.102","TCP","240","8888  >  49736 [PSH, ACK] Seq=8841 Ack=127 Win=14600 Len=186"
"168","7.811052","192.168.100.102","192.168.100.1","TCP","54","49736  >  8888 [ACK] Seq=127 Ack=9027 Win=31678 Len=0"
"169","7.813840","192.168.100.1","192.168.100.102","TCP","134","8888  >  49736 [PSH, ACK] Seq=9027 Ack=127 Win=14600 Len=80"
"170","7.857297","192.168.100.102","192.168.100.1","TCP","54","49736  >  8888 [ACK] Seq=127 Ack=9107 Win=31598 Len=0"
"171","7.860479","192.168.100.1","192.168.100.102","TCP","174","8888  >  49736 [PSH, ACK] Seq=9107 Ack=127 Win=14600 Len=120"
"172","7.901902","192.168.100.102","192.168.100.1","TCP","54","49736  >  8888 [ACK] Seq=127 Ack=9227 Win=31478 Len=0"
"173","7.904898","192.168.100.1","192.168.100.102","TCP","134","8888  >  49736 [PSH, ACK] Seq=9227 Ack=127 Win=14600 Len=80"
"174","7.949443","192.168.100.102","192.168.100.1","TCP","54","49736  >  8888 [ACK] Seq=127 Ack=9307 Win=31398 Len=0"
"175","7.952394","192.168.100.1","192.168.100.102","TCP","134","8888  >  49736 [PSH, ACK] Seq=9307 Ack=127 Win=14600 Len=80"
"176","7.996591","192.168.100.102","192.168.100.1","TCP","54","49736  >  8888 [ACK] Seq=127 Ack=9387 Win=31318 Len=0"
"177","7.999506","192.168.100.1","192.168.100.102","TCP","174","8888  >  49736 [PSH, ACK] Seq=9387 Ack=127 Win=14600 Len=120"
"178","8.043076","192.168.100.102","192.168.100.1","TCP","54","49736  >  8888 [ACK] Seq=127 Ack=9507 Win=32768 Len=0"
"179","8.046066","192.168.100.1","192.168.100.102","TCP","134","8888  >  49736 [PSH, ACK] Seq=9507 Ack=127 Win=14600 Len=80"
"180","8.090245","192.168.100.102","192.168.100.1","TCP","54","49736  >  8888 [ACK] Seq=127 Ack=9587 Win=32688 Len=0"
"181","8.093514","192.168.100.1","192.168.100.102","TCP","134","8888  >  49736 [PSH, ACK] Seq=9587 Ack=127 Win=14600 Len=80"
"182","8.136083","192.168.100.102","192.168.100.1","TCP","54","49736  >  8888 [ACK] Seq=127 Ack=9667 Win=32608 Len=0"
"183","8.138837","192.168.100.1","192.168.100.102","TCP","134","8888  >  49736 [PSH, ACK] Seq=9667 Ack=127 Win=14600 Len=80"
"184","8.183184","192.168.100.102","192.168.100.1","TCP","54","49736  >  8888 [ACK] Seq=127 Ack=9747 Win=32528 Len=0"
"185","8.186052","192.168.100.1","192.168.100.102","TCP","174","8888  >  49736 [PSH, ACK] Seq=9747 Ack=127 Win=14600 Len=120"
"186","8.230724","192.168.100.102","192.168.100.1","TCP","54","49736  >  8888 [ACK] Seq=127 Ack=9867 Win=32408 Len=0"
"187","8.233949","192.168.100.1","192.168.100.102","TCP","134","8888  >  49736 [PSH, ACK] Seq=9867 Ack=127 Win=14600 Len=80"
"188","8.277073","192.168.100.102","192.168.100.1","TCP","54","49736  >  8888 [ACK] Seq=127 Ack=9947 Win=32328 Len=0"
"189","8.280080","192.168.100.1","192.168.100.102","TCP","174","8888  >  49736 [PSH, ACK] Seq=9947 Ack=127 Win=14600 Len=120"
"190","8.323822","192.168.100.102","192.168.100.1","TCP","54","49736  >  8888 [ACK] Seq=127 Ack=10067 Win=32208 Len=0"
"191","8.327057","192.168.100.1","192.168.100.102","TCP","134","8888  >  49736 [PSH, ACK] Seq=10067 Ack=127 Win=14600 Len=80"
"192","8.370289","192.168.100.102","192.168.100.1","TCP","54","49736  >  8888 [ACK] Seq=127 Ack=10147 Win=32128 Len=0"
"193","8.373134","192.168.100.1","192.168.100.102","TCP","134","8888  >  49736 [PSH, ACK] Seq=10147 Ack=127 Win=14600 Len=80"
"194","8.416904","192.168.100.102","192.168.100.1","TCP","54","49736  >  8888 [ACK] Seq=127 Ack=10227 Win=32048 Len=0"
"195","8.420080","192.168.100.1","192.168.100.102","TCP","174","8888  >  49736 [PSH, ACK] Seq=10227 Ack=127 Win=14600 Len=120"
"196","8.462608","192.168.100.102","192.168.100.1","TCP","54","49736  >  8888 [ACK] Seq=127 Ack=10347 Win=31928 Len=0"
"197","8.466056","192.168.100.1","192.168.100.102","TCP","238","8888  >  49736 [PSH, ACK] Seq=10347 Ack=127 Win=14600 Len=184"
"198","8.510391","192.168.100.102","192.168.100.1","TCP","54","49736  >  8888 [ACK] Seq=127 Ack=10531 Win=31744 Len=0"
"199","8.514384","192.168.100.1","192.168.100.102","TCP","134","8888  >  49736 [PSH, ACK] Seq=10531 Ack=127 Win=14600 Len=80"
"200","8.556112","192.168.100.102","192.168.100.1","TCP","54","49736  >  8888 [ACK] Seq=127 Ack=10611 Win=31664 Len=0"
"201","8.559167","192.168.100.1","192.168.100.102","TCP","134","8888  >  49736 [PSH, ACK] Seq=10611 Ack=127 Win=14600 Len=80"
"202","8.602868","192.168.100.102","192.168.100.1","TCP","54","49736  >  8888 [ACK] Seq=127 Ack=10691 Win=31584 Len=0"
"203","8.606355","192.168.100.1","192.168.100.102","TCP","174","8888  >  49736 [PSH, ACK] Seq=10691 Ack=127 Win=14600 Len=120"
"204","8.648725","192.168.100.102","192.168.100.1","TCP","54","49736  >  8888 [ACK] Seq=127 Ack=10811 Win=31464 Len=0"
"205","8.651805","192.168.100.1","192.168.100.102","TCP","134","8888  >  49736 [PSH, ACK] Seq=10811 Ack=127 Win=14600 Len=80"
"206","8.695746","192.168.100.102","192.168.100.1","TCP","54","49736  >  8888 [ACK] Seq=127 Ack=10891 Win=31384 Len=0"
"207","8.712553","192.168.100.102","192.168.100.1","TCP","98","49736  >  8888 [PSH, ACK] Seq=127 Ack=10891 Win=31384 Len=44"
"208","8.728235","192.168.100.102","192.168.100.1","TCP","75","49736  >  8888 [PSH, ACK] Seq=171 Ack=10891 Win=31384 Len=21"
"209","8.798651","192.168.100.1","192.168.100.102","ICMP","98","Echo (ping) request  id=0x9925, seq=0/0, ttl=64 (reply in 210)"
"210","8.798953","192.168.100.102","192.168.100.1","ICMP","98","Echo (ping) reply    id=0x9925, seq=0/0, ttl=128 (request in 209)"
"211","8.865659","192.168.100.1","192.168.100.255","UDP","86","46573  >  8668 Len=44"
"212","8.903278","192.168.100.1","192.168.100.102","TCP","680","8888  >  49736 [PSH, ACK] Seq=10891 Ack=127 Win=14600 Len=626"
"213","8.903384","192.168.100.102","192.168.100.1","TCP","54","49736  >  8888 [ACK] Seq=192 Ack=11517 Win=32768 Len=0"
"214","8.923027","192.168.100.1","192.168.100.102","TCP","94","8888  >  49736 [PSH, ACK] Seq=11517 Ack=127 Win=14600 Len=40"
"215","8.923103","192.168.100.102","192.168.100.1","TCP","54","49736  >  8888 [ACK] Seq=192 Ack=11557 Win=32728 Len=0"
"216","8.929478","DLinkInterna_ca:55:b2","Broadcast","ARP","42","Who has 192.168.100.1? Tell 192.168.100.102"
"217","8.933197","9a:03:cf:50:1f:ac","DLinkInterna_ca:55:b2","ARP","42","192.168.100.1 is at 9a:03:cf:50:1f:ac"
"218","8.940944","192.168.100.1","192.168.100.102","TCP","94","8888  >  49736 [PSH, ACK] Seq=11557 Ack=127 Win=14600 Len=40"
"219","8.943490","192.168.100.102","192.168.100.1","TCP","119","[TCP Retransmission] 49736  >  8888 [PSH, ACK] Seq=127 Ack=11597 Win=32688 Len=65"
"220","8.946798","192.168.100.1","192.168.100.102","TCP","54","8888  >  49736 [ACK] Seq=11597 Ack=192 Win=14600 Len=0"
"221","8.955860","192.168.100.102","192.168.100.1","DNS","76","Standard query 0x3034 A dns.msftncsi.com"
"222","8.959418","192.168.100.1","192.168.100.102","DNS","76","Standard query response 0x3034 Refused A dns.msftncsi.com"
"223","8.964786","192.168.100.1","192.168.100.102","TCP","94","8888  >  49736 [PSH, ACK] Seq=11597 Ack=192 Win=14600 Len=40"
"224","9.020125","192.168.100.102","192.168.100.1","TCP","54","49736  >  8888 [ACK] Seq=192 Ack=11637 Win=32648 Len=0"
"225","9.026926","192.168.100.1","192.168.100.102","TCP","174","8888  >  49736 [PSH, ACK] Seq=11637 Ack=192 Win=14600 Len=120"
"226","9.066791","192.168.100.102","192.168.100.1","TCP","54","49736  >  8888 [ACK] Seq=192 Ack=11757 Win=32528 Len=0"
"227","9.069623","192.168.100.1","192.168.100.102","TCP","134","8888  >  49736 [PSH, ACK] Seq=11757 Ack=192 Win=14600 Len=80"
"228","9.112965","192.168.100.102","192.168.100.1","TCP","54","49736  >  8888 [ACK] Seq=192 Ack=11837 Win=32448 Len=0"
"229","9.115944","192.168.100.1","192.168.100.102","TCP","134","8888  >  49736 [PSH, ACK] Seq=11837 Ack=192 Win=14600 Len=80"
"230","9.158914","192.168.100.102","192.168.100.1","TCP","54","49736  >  8888 [ACK] Seq=192 Ack=11917 Win=32368 Len=0"
"231","9.161910","192.168.100.1","192.168.100.102","TCP","174","8888  >  49736 [PSH, ACK] Seq=11917 Ack=192 Win=14600 Len=120"
"232","9.205280","192.168.100.102","192.168.100.1","TCP","54","49736  >  8888 [ACK] Seq=192 Ack=12037 Win=32248 Len=0"
"233","9.208675","192.168.100.1","192.168.100.102","TCP","134","8888  >  49736 [PSH, ACK] Seq=12037 Ack=192 Win=14600 Len=80"
"234","9.251547","192.168.100.102","192.168.100.1","TCP","54","49736  >  8888 [ACK] Seq=192 Ack=12117 Win=32168 Len=0"
"235","9.254883","192.168.100.1","192.168.100.102","TCP","134","8888  >  49736 [PSH, ACK] Seq=12117 Ack=192 Win=14600 Len=80"
"236","9.268776","192.168.100.102","192.168.100.1","DNS","94","Standard query 0x8950 A p2p-hkg1.discovery.steamserver.net"
"237","9.271902","192.168.100.1","192.168.100.102","DNS","94","Standard query response 0x8950 Refused A p2p-hkg1.discovery.steamserver.net"
"238","9.297462","192.168.100.102","192.168.100.1","TCP","54","49736  >  8888 [ACK] Seq=192 Ack=12197 Win=32088 Len=0"
"239","9.300347","192.168.100.1","192.168.100.102","TCP","134","8888  >  49736 [PSH, ACK] Seq=12197 Ack=192 Win=14600 Len=80"
"240","9.343707","192.168.100.102","192.168.100.1","TCP","54","49736  >  8888 [ACK] Seq=192 Ack=12277 Win=32008 Len=0"
"241","9.346630","192.168.100.1","192.168.100.102","TCP","174","8888  >  49736 [PSH, ACK] Seq=12277 Ack=192 Win=14600 Len=120"
"242","9.389132","192.168.100.102","192.168.100.1","TCP","54","49736  >  8888 [ACK] Seq=192 Ack=12397 Win=31888 Len=0"
"243","9.392282","192.168.100.1","192.168.100.102","TCP","134","8888  >  49736 [PSH, ACK] Seq=12397 Ack=192 Win=14600 Len=80"
"244","9.435925","192.168.100.102","192.168.100.1","TCP","54","49736  >  8888 [ACK] Seq=192 Ack=12477 Win=31808 Len=0"
"245","9.439269","192.168.100.1","192.168.100.102","TCP","134","8888  >  49736 [PSH, ACK] Seq=12477 Ack=192 Win=14600 Len=80"
"246","9.475696","192.168.100.102","192.168.100.1","DNS","76","Standard query 0x309f A www.msftncsi.com"
"247","9.476357","192.168.100.102","192.168.100.1","DNS","76","Standard query 0x5ebe A www.msftncsi.com"
"248","9.479724","192.168.100.1","192.168.100.102","DNS","76","Standard query response 0x309f Refused A www.msftncsi.com"
"249","9.479724","192.168.100.1","192.168.100.102","DNS","76","Standard query response 0x5ebe Refused A www.msftncsi.com"
"250","9.481539","192.168.100.102","192.168.100.1","TCP","54","49736  >  8888 [ACK] Seq=192 Ack=12557 Win=31728 Len=0"
"251","9.484416","192.168.100.1","192.168.100.102","TCP","278","8888  >  49736 [PSH, ACK] Seq=12557 Ack=192 Win=14600 Len=224"
"252","9.528645","192.168.100.102","192.168.100.1","TCP","54","49736  >  8888 [ACK] Seq=192 Ack=12781 Win=31504 Len=0"
"253","9.531673","192.168.100.1","192.168.100.102","TCP","134","8888  >  49736 [PSH, ACK] Seq=12781 Ack=192 Win=14600 Len=80"
"254","9.576779","192.168.100.102","192.168.100.1","TCP","54","49736  >  8888 [ACK] Seq=192 Ack=12861 Win=31424 Len=0"
"255","9.579825","192.168.100.1","192.168.100.102","TCP","134","8888  >  49736 [PSH, ACK] Seq=12861 Ack=192 Win=14600 Len=80"
"256","9.623130","192.168.100.102","192.168.100.1","TCP","54","49736  >  8888 [ACK] Seq=192 Ack=12941 Win=31344 Len=0"
"257","9.625900","192.168.100.1","192.168.100.102","TCP","174","8888  >  49736 [PSH, ACK] Seq=12941 Ack=192 Win=14600 Len=120"
"258","9.669130","192.168.100.102","192.168.100.1","TCP","54","49736  >  8888 [ACK] Seq=192 Ack=13061 Win=32768 Len=0"
"259","9.672385","192.168.100.1","192.168.100.102","TCP","134","8888  >  49736 [PSH, ACK] Seq=13061 Ack=192 Win=14600 Len=80"
"260","9.715987","192.168.100.102","192.168.100.1","TCP","54","49736  >  8888 [ACK] Seq=192 Ack=13141 Win=32688 Len=0"
"261","9.720540","192.168.100.1","192.168.100.102","TCP","174","8888  >  49736 [PSH, ACK] Seq=13141 Ack=192 Win=14600 Len=120"
"262","9.731245","192.168.100.102","192.168.100.1","TCP","75","49736  >  8888 [PSH, ACK] Seq=192 Ack=13261 Win=32568 Len=21"
"263","9.734011","192.168.100.1","192.168.100.102","TCP","160","8888  >  49736 [PSH, ACK] Seq=13261 Ack=213 Win=14600 Len=106"
"264","9.776456","192.168.100.102","192.168.100.1","TCP","54","49736  >  8888 [ACK] Seq=213 Ack=13367 Win=32462 Len=0"
"265","9.779252","192.168.100.1","192.168.100.102","TCP","134","8888  >  49736 [PSH, ACK] Seq=13367 Ack=213 Win=14600 Len=80"
"266","9.822491","192.168.100.102","192.168.100.1","TCP","54","49736  >  8888 [ACK] Seq=213 Ack=13447 Win=32382 Len=0"
"267","9.825500","192.168.100.1","192.168.100.102","TCP","174","8888  >  49736 [PSH, ACK] Seq=13447 Ack=213 Win=14600 Len=120"
"268","9.869053","192.168.100.102","192.168.100.1","TCP","54","49736  >  8888 [ACK] Seq=213 Ack=13567 Win=32262 Len=0"
"269","9.872969","192.168.100.1","192.168.100.102","TCP","134","8888  >  49736 [PSH, ACK] Seq=13567 Ack=213 Win=14600 Len=80"
"270","9.915496","192.168.100.102","192.168.100.1","TCP","54","49736  >  8888 [ACK] Seq=213 Ack=13647 Win=32182 Len=0"
"271","9.918815","192.168.100.1","192.168.100.102","TCP","134","8888  >  49736 [PSH, ACK] Seq=13647 Ack=213 Win=14600 Len=80"
"272","9.925512","192.168.100.1","192.168.100.102","ICMP","98","Echo (ping) request  id=0xba25, seq=0/0, ttl=64 (reply in 273)"
"273","9.925926","192.168.100.102","192.168.100.1","ICMP","98","Echo (ping) reply    id=0xba25, seq=0/0, ttl=128 (request in 272)"
"274","9.954664","192.168.100.1","192.168.100.255","UDP","86","46573  >  8668 Len=44"
"275","9.961451","192.168.100.102","192.168.100.1","TCP","54","49736  >  8888 [ACK] Seq=213 Ack=13727 Win=32102 Len=0"
"276","10.166036","192.168.100.1","192.168.100.102","TCP","534","8888  >  49736 [PSH, ACK] Seq=13727 Ack=213 Win=14600 Len=480"
"277","10.208841","192.168.100.102","192.168.100.1","TCP","54","49736  >  8888 [ACK] Seq=213 Ack=14207 Win=31622 Len=0"
"278","10.261137","192.168.100.1","192.168.100.102","TCP","254","8888  >  49736 [PSH, ACK] Seq=14207 Ack=213 Win=14600 Len=200"
"279","10.301832","192.168.100.102","192.168.100.1","TCP","54","49736  >  8888 [ACK] Seq=213 Ack=14407 Win=31422 Len=0"
"280","10.304877","192.168.100.1","192.168.100.102","TCP","134","8888  >  49736 [PSH, ACK] Seq=14407 Ack=213 Win=14600 Len=80"
"281","10.347575","192.168.100.102","192.168.100.1","TCP","54","49736  >  8888 [ACK] Seq=213 Ack=14487 Win=31342 Len=0"
"282","10.350535","192.168.100.1","192.168.100.102","TCP","174","8888  >  49736 [PSH, ACK] Seq=14487 Ack=213 Win=14600 Len=120"
"283","10.393869","192.168.100.102","192.168.100.1","TCP","54","49736  >  8888 [ACK] Seq=213 Ack=14607 Win=32768 Len=0"
"284","10.397307","192.168.100.1","192.168.100.102","TCP","134","8888  >  49736 [PSH, ACK] Seq=14607 Ack=213 Win=14600 Len=80"
"285","10.440466","192.168.100.102","192.168.100.1","TCP","54","49736  >  8888 [ACK] Seq=213 Ack=14687 Win=32688 Len=0"
"286","10.443318","192.168.100.1","192.168.100.102","TCP","134","8888  >  49736 [PSH, ACK] Seq=14687 Ack=213 Win=14600 Len=80"
"287","10.486199","192.168.100.102","192.168.100.1","TCP","54","49736  >  8888 [ACK] Seq=213 Ack=14767 Win=32608 Len=0"
"288","10.489454","192.168.100.1","192.168.100.102","TCP","278","8888  >  49736 [PSH, ACK] Seq=14767 Ack=213 Win=14600 Len=224"
"289","10.531753","192.168.100.102","192.168.100.1","TCP","54","49736  >  8888 [ACK] Seq=213 Ack=14991 Win=32384 Len=0"
"290","10.534662","192.168.100.1","192.168.100.102","TCP","134","8888  >  49736 [PSH, ACK] Seq=14991 Ack=213 Win=14600 Len=80"
"291","10.578354","192.168.100.102","192.168.100.1","TCP","54","49736  >  8888 [ACK] Seq=213 Ack=15071 Win=32304 Len=0"
"292","10.582160","192.168.100.1","192.168.100.102","TCP","134","8888  >  49736 [PSH, ACK] Seq=15071 Ack=213 Win=14600 Len=80"
"293","10.624980","192.168.100.102","192.168.100.1","TCP","54","49736  >  8888 [ACK] Seq=213 Ack=15151 Win=32224 Len=0"
"294","10.627778","192.168.100.1","192.168.100.102","TCP","174","8888  >  49736 [PSH, ACK] Seq=15151 Ack=213 Win=14600 Len=120"
"295","10.670374","192.168.100.102","192.168.100.1","TCP","54","49736  >  8888 [ACK] Seq=213 Ack=15271 Win=32104 Len=0"
"296","10.673512","192.168.100.1","192.168.100.102","TCP","134","8888  >  49736 [PSH, ACK] Seq=15271 Ack=213 Win=14600 Len=80"
"297","10.717114","192.168.100.102","192.168.100.1","TCP","54","49736  >  8888 [ACK] Seq=213 Ack=15351 Win=32024 Len=0"
"298","10.720071","192.168.100.1","192.168.100.102","TCP","134","8888  >  49736 [PSH, ACK] Seq=15351 Ack=213 Win=14600 Len=80"
"299","10.733641","192.168.100.102","192.168.100.1","TCP","75","49736  >  8888 [PSH, ACK] Seq=213 Ack=15431 Win=31944 Len=21"
"300","10.736676","192.168.100.1","192.168.100.102","TCP","200","8888  >  49736 [PSH, ACK] Seq=15431 Ack=234 Win=14600 Len=146"
"301","10.778460","192.168.100.102","192.168.100.1","TCP","54","49736  >  8888 [ACK] Seq=234 Ack=15577 Win=31798 Len=0"
"302","10.782147","192.168.100.1","192.168.100.102","TCP","134","8888  >  49736 [PSH, ACK] Seq=15577 Ack=234 Win=14600 Len=80"
"303","10.824989","192.168.100.102","192.168.100.1","TCP","54","49736  >  8888 [ACK] Seq=234 Ack=15657 Win=31718 Len=0"
"304","10.827775","192.168.100.1","192.168.100.102","TCP","174","8888  >  49736 [PSH, ACK] Seq=15657 Ack=234 Win=14600 Len=120"
"305","10.870863","192.168.100.102","192.168.100.1","TCP","54","49736  >  8888 [ACK] Seq=234 Ack=15777 Win=31598 Len=0"
"306","10.873770","192.168.100.1","192.168.100.102","TCP","134","8888  >  49736 [PSH, ACK] Seq=15777 Ack=234 Win=14600 Len=80"
"307","10.916968","192.168.100.102","192.168.100.1","TCP","54","49736  >  8888 [ACK] Seq=234 Ack=15857 Win=31518 Len=0"
"308","10.919843","192.168.100.1","192.168.100.102","TCP","134","8888  >  49736 [PSH, ACK] Seq=15857 Ack=234 Win=14600 Len=80"
"309","10.963744","192.168.100.102","192.168.100.1","TCP","54","49736  >  8888 [ACK] Seq=234 Ack=15937 Win=31438 Len=0"
"310","10.965216","192.168.100.1","192.168.100.102","ICMP","98","Echo (ping) request  id=0xd125, seq=0/0, ttl=64 (reply in 311)"
"311","10.965528","192.168.100.102","192.168.100.1","ICMP","98","Echo (ping) reply    id=0xd125, seq=0/0, ttl=128 (request in 310)"
"312","10.966994","192.168.100.1","192.168.100.102","TCP","134","8888  >  49736 [PSH, ACK] Seq=15937 Ack=234 Win=14600 Len=80"
"313","10.973341","192.168.100.1","192.168.100.255","UDP","86","46573  >  8668 Len=44"
"314","11.010139","192.168.100.102","192.168.100.1","TCP","54","49736  >  8888 [ACK] Seq=234 Ack=16017 Win=31358 Len=0"
"315","11.013650","192.168.100.1","192.168.100.102","TCP","174","8888  >  49736 [PSH, ACK] Seq=16017 Ack=234 Win=14600 Len=120"
"316","11.056855","192.168.100.102","192.168.100.1","TCP","54","49736  >  8888 [ACK] Seq=234 Ack=16137 Win=32768 Len=0"
"317","11.059568","192.168.100.1","192.168.100.102","TCP","134","8888  >  49736 [PSH, ACK] Seq=16137 Ack=234 Win=14600 Len=80"
"318","11.103799","192.168.100.102","192.168.100.1","TCP","54","49736  >  8888 [ACK] Seq=234 Ack=16217 Win=32688 Len=0"
"319","11.107036","192.168.100.1","192.168.100.102","TCP","134","8888  >  49736 [PSH, ACK] Seq=16217 Ack=234 Win=14600 Len=80"
"320","11.150344","192.168.100.102","192.168.100.1","TCP","54","49736  >  8888 [ACK] Seq=234 Ack=16297 Win=32608 Len=0"
"321","11.153310","192.168.100.1","192.168.100.102","TCP","174","8888  >  49736 [PSH, ACK] Seq=16297 Ack=234 Win=14600 Len=120"
"322","11.196561","192.168.100.102","192.168.100.1","TCP","54","49736  >  8888 [ACK] Seq=234 Ack=16417 Win=32488 Len=0"
"323","11.403881","192.168.100.1","192.168.100.102","TCP","534","8888  >  49736 [PSH, ACK] Seq=16417 Ack=234 Win=14600 Len=480"
"324","11.458882","192.168.100.102","192.168.100.1","TCP","54","49736  >  8888 [ACK] Seq=234 Ack=16897 Win=32008 Len=0"
"325","11.510907","192.168.100.1","192.168.100.102","TCP","398","8888  >  49736 [PSH, ACK] Seq=16897 Ack=234 Win=14600 Len=344"
"326","11.552048","192.168.100.102","192.168.100.1","TCP","54","49736  >  8888 [ACK] Seq=234 Ack=17241 Win=31664 Len=0"
"327","11.555178","192.168.100.1","192.168.100.102","TCP","134","8888  >  49736 [PSH, ACK] Seq=17241 Ack=234 Win=14600 Len=80"
"328","11.599105","192.168.100.102","192.168.100.1","TCP","54","49736  >  8888 [ACK] Seq=234 Ack=17321 Win=31584 Len=0"
"329","11.602158","192.168.100.1","192.168.100.102","TCP","134","8888  >  49736 [PSH, ACK] Seq=17321 Ack=234 Win=14600 Len=80"
"330","11.646085","192.168.100.102","192.168.100.1","TCP","54","49736  >  8888 [ACK] Seq=234 Ack=17401 Win=31504 Len=0"
"331","11.648762","192.168.100.1","192.168.100.102","TCP","134","8888  >  49736 [PSH, ACK] Seq=17401 Ack=234 Win=14600 Len=80"
"332","11.691646","192.168.100.102","192.168.100.1","TCP","54","49736  >  8888 [ACK] Seq=234 Ack=17481 Win=31424 Len=0"
"333","11.694457","192.168.100.1","192.168.100.102","TCP","174","8888  >  49736 [PSH, ACK] Seq=17481 Ack=234 Win=14600 Len=120"
"334","11.739297","192.168.100.102","192.168.100.1","TCP","54","49736  >  8888 [ACK] Seq=234 Ack=17601 Win=32768 Len=0"
"335","11.739675","192.168.100.102","192.168.100.1","TCP","75","49736  >  8888 [PSH, ACK] Seq=234 Ack=17601 Win=32768 Len=21"
"336","11.742904","192.168.100.1","192.168.100.102","TCP","240","8888  >  49736 [PSH, ACK] Seq=17601 Ack=234 Win=14600 Len=186"
"337","11.782020","192.168.100.1","192.168.100.102","TCP","54","8888  >  49736 [ACK] Seq=17787 Ack=255 Win=14600 Len=0"
"338","11.785623","192.168.100.102","192.168.100.1","TCP","54","49736  >  8888 [ACK] Seq=255 Ack=17787 Win=32582 Len=0"
"339","11.788665","192.168.100.1","192.168.100.102","TCP","134","8888  >  49736 [PSH, ACK] Seq=17787 Ack=255 Win=14600 Len=80"
"340","11.832447","192.168.100.102","192.168.100.1","TCP","54","49736  >  8888 [ACK] Seq=255 Ack=17867 Win=32502 Len=0"
"341","11.835258","192.168.100.1","192.168.100.102","TCP","174","8888  >  49736 [PSH, ACK] Seq=17867 Ack=255 Win=14600 Len=120"
"342","11.879153","192.168.100.102","192.168.100.1","TCP","54","49736  >  8888 [ACK] Seq=255 Ack=17987 Win=32382 Len=0"
"343","11.882331","192.168.100.1","192.168.100.102","TCP","134","8888  >  49736 [PSH, ACK] Seq=17987 Ack=255 Win=14600 Len=80"
"344","11.924906","192.168.100.102","192.168.100.1","TCP","54","49736  >  8888 [ACK] Seq=255 Ack=18067 Win=32302 Len=0"
"345","11.935947","192.168.100.1","192.168.100.102","TCP","134","8888  >  49736 [PSH, ACK] Seq=18067 Ack=255 Win=14600 Len=80"
"346","11.987840","192.168.100.102","192.168.100.1","TCP","54","49736  >  8888 [ACK] Seq=255 Ack=18147 Win=32222 Len=0"
"347","11.988042","192.168.100.1","192.168.100.102","ICMP","98","Echo (ping) request  id=0xec25, seq=0/0, ttl=64 (reply in 348)"
"348","11.988355","192.168.100.102","192.168.100.1","ICMP","98","Echo (ping) reply    id=0xec25, seq=0/0, ttl=128 (request in 347)"
"349","11.991153","192.168.100.1","192.168.100.102","TCP","174","8888  >  49736 [PSH, ACK] Seq=18147 Ack=255 Win=14600 Len=120"
"350","11.996126","192.168.100.1","192.168.100.255","UDP","86","46573  >  8668 Len=44"
"351","12.035056","192.168.100.102","192.168.100.1","TCP","54","49736  >  8888 [ACK] Seq=255 Ack=18267 Win=32102 Len=0"
"352","12.038945","192.168.100.1","192.168.100.102","TCP","134","8888  >  49736 [PSH, ACK] Seq=18267 Ack=255 Win=14600 Len=80"
"353","12.081762","192.168.100.102","192.168.100.1","TCP","54","49736  >  8888 [ACK] Seq=255 Ack=18347 Win=32022 Len=0"
"354","12.084592","192.168.100.1","192.168.100.102","TCP","174","8888  >  49736 [PSH, ACK] Seq=18347 Ack=255 Win=14600 Len=120"
"355","12.128487","192.168.100.102","192.168.100.1","TCP","54","49736  >  8888 [ACK] Seq=255 Ack=18467 Win=31902 Len=0"
"356","12.132165","192.168.100.1","192.168.100.102","TCP","134","8888  >  49736 [PSH, ACK] Seq=18467 Ack=255 Win=14600 Len=80"
"357","12.175154","192.168.100.102","192.168.100.1","TCP","54","49736  >  8888 [ACK] Seq=255 Ack=18547 Win=31822 Len=0"
"358","12.178253","192.168.100.1","192.168.100.102","TCP","134","8888  >  49736 [PSH, ACK] Seq=18547 Ack=255 Win=14600 Len=80"
"359","12.221130","192.168.100.102","192.168.100.1","TCP","54","49736  >  8888 [ACK] Seq=255 Ack=18627 Win=31742 Len=0"
"360","12.223924","192.168.100.1","192.168.100.102","TCP","174","8888  >  49736 [PSH, ACK] Seq=18627 Ack=255 Win=14600 Len=120"
"361","12.268079","192.168.100.102","192.168.100.1","TCP","54","49736  >  8888 [ACK] Seq=255 Ack=18747 Win=31622 Len=0"
"362","12.270930","192.168.100.1","192.168.100.102","TCP","134","8888  >  49736 [PSH, ACK] Seq=18747 Ack=255 Win=14600 Len=80"
"363","12.314068","192.168.100.102","192.168.100.1","TCP","54","49736  >  8888 [ACK] Seq=255 Ack=18827 Win=31542 Len=0"
"364","12.317363","192.168.100.1","192.168.100.102","TCP","134","8888  >  49736 [PSH, ACK] Seq=18827 Ack=255 Win=14600 Len=80"
"365","12.360535","192.168.100.102","192.168.100.1","TCP","54","49736  >  8888 [ACK] Seq=255 Ack=18907 Win=31462 Len=0"
"366","12.364828","192.168.100.1","192.168.100.102","TCP","174","8888  >  49736 [PSH, ACK] Seq=18907 Ack=255 Win=14600 Len=120"
"367","12.408406","192.168.100.102","192.168.100.1","TCP","54","49736  >  8888 [ACK] Seq=255 Ack=19027 Win=31342 Len=0"
"368","12.618071","192.168.100.1","192.168.100.102","TCP","638","8888  >  49736 [PSH, ACK] Seq=19027 Ack=255 Win=14600 Len=584"
"369","12.670107","192.168.100.102","192.168.100.1","TCP","54","49736  >  8888 [ACK] Seq=255 Ack=19611 Win=32768 Len=0"
"370","12.722902","192.168.100.1","192.168.100.102","TCP","294","8888  >  49736 [PSH, ACK] Seq=19611 Ack=255 Win=14600 Len=240"
"371","12.746903","192.168.100.102","192.168.100.1","TCP","75","49736  >  8888 [PSH, ACK] Seq=255 Ack=19851 Win=32528 Len=21"
"372","12.750329","192.168.100.1","192.168.100.102","TCP","200","8888  >  49736 [PSH, ACK] Seq=19851 Ack=276 Win=14600 Len=146"
"373","12.785770","192.168.100.102","192.168.100.1","DNS","83","Standard query 0x5945 A www.msftconnecttest.com"
"374","12.789003","192.168.100.1","192.168.100.102","DNS","83","Standard query response 0x5945 Refused A www.msftconnecttest.com"
"375","12.793559","192.168.100.102","192.168.100.1","TCP","54","49736  >  8888 [ACK] Seq=276 Ack=19997 Win=32382 Len=0"
"376","12.796621","192.168.100.1","192.168.100.102","TCP","134","8888  >  49736 [PSH, ACK] Seq=19997 Ack=276 Win=14600 Len=80"
"377","12.839798","192.168.100.102","192.168.100.1","TCP","54","49736  >  8888 [ACK] Seq=276 Ack=20077 Win=32302 Len=0"
"378","12.842709","192.168.100.1","192.168.100.102","TCP","134","8888  >  49736 [PSH, ACK] Seq=20077 Ack=276 Win=14600 Len=80"
"379","12.886621","192.168.100.102","192.168.100.1","TCP","54","49736  >  8888 [ACK] Seq=276 Ack=20157 Win=32222 Len=0"
"380","12.889900","192.168.100.1","192.168.100.102","TCP","174","8888  >  49736 [PSH, ACK] Seq=20157 Ack=276 Win=14600 Len=120"
"381","12.932053","192.168.100.102","192.168.100.1","TCP","54","49736  >  8888 [ACK] Seq=276 Ack=20277 Win=32102 Len=0"
"382","12.934946","192.168.100.1","192.168.100.102","TCP","134","8888  >  49736 [PSH, ACK] Seq=20277 Ack=276 Win=14600 Len=80"
"383","12.978823","192.168.100.102","192.168.100.1","TCP","54","49736  >  8888 [ACK] Seq=276 Ack=20357 Win=32022 Len=0"
"384","12.982195","192.168.100.1","192.168.100.102","TCP","134","8888  >  49736 [PSH, ACK] Seq=20357 Ack=276 Win=14600 Len=80"
"385","13.015076","192.168.100.1","192.168.100.102","ICMP","98","Echo (ping) request  id=0x0826, seq=0/0, ttl=64 (reply in 386)"
"386","13.015386","192.168.100.102","192.168.100.1","ICMP","98","Echo (ping) reply    id=0x0826, seq=0/0, ttl=128 (request in 385)"
"387","13.023575","192.168.100.1","192.168.100.255","UDP","86","46573  >  8668 Len=44"
"388","13.025511","192.168.100.102","192.168.100.1","TCP","54","49736  >  8888 [ACK] Seq=276 Ack=20437 Win=31942 Len=0"
"389","13.028225","192.168.100.1","192.168.100.102","TCP","174","8888  >  49736 [PSH, ACK] Seq=20437 Ack=276 Win=14600 Len=120"
"390","13.071875","192.168.100.102","192.168.100.1","TCP","54","49736  >  8888 [ACK] Seq=276 Ack=20557 Win=31822 Len=0"
"391","13.074752","192.168.100.1","192.168.100.102","TCP","134","8888  >  49736 [PSH, ACK] Seq=20557 Ack=276 Win=14600 Len=80"
"392","13.118050","192.168.100.102","192.168.100.1","TCP","54","49736  >  8888 [ACK] Seq=276 Ack=20637 Win=31742 Len=0"
"393","13.120972","192.168.100.1","192.168.100.102","TCP","134","8888  >  49736 [PSH, ACK] Seq=20637 Ack=276 Win=14600 Len=80"
"394","13.164029","192.168.100.102","192.168.100.1","TCP","54","49736  >  8888 [ACK] Seq=276 Ack=20717 Win=31662 Len=0"
"395","13.166967","192.168.100.1","192.168.100.102","TCP","134","8888  >  49736 [PSH, ACK] Seq=20717 Ack=276 Win=14600 Len=80"
"396","13.211195","192.168.100.102","192.168.100.1","TCP","54","49736  >  8888 [ACK] Seq=276 Ack=20797 Win=31582 Len=0"
"397","13.214341","192.168.100.1","192.168.100.102","TCP","174","8888  >  49736 [PSH, ACK] Seq=20797 Ack=276 Win=14600 Len=120"
"398","13.257260","192.168.100.102","192.168.100.1","TCP","54","49736  >  8888 [ACK] Seq=276 Ack=20917 Win=31462 Len=0"
"399","13.260126","192.168.100.1","192.168.100.102","TCP","134","8888  >  49736 [PSH, ACK] Seq=20917 Ack=276 Win=14600 Len=80"
"400","13.304074","192.168.100.102","192.168.100.1","TCP","54","49736  >  8888 [ACK] Seq=276 Ack=20997 Win=31382 Len=0"
"401","13.307284","192.168.100.1","192.168.100.102","TCP","134","8888  >  49736 [PSH, ACK] Seq=20997 Ack=276 Win=14600 Len=80"
"402","13.349930","192.168.100.102","192.168.100.1","TCP","54","49736  >  8888 [ACK] Seq=276 Ack=21077 Win=32768 Len=0"
"403","13.352981","192.168.100.1","192.168.100.102","TCP","174","8888  >  49736 [PSH, ACK] Seq=21077 Ack=276 Win=14600 Len=120"
"404","13.397798","192.168.100.102","192.168.100.1","TCP","54","49736  >  8888 [ACK] Seq=276 Ack=21197 Win=32648 Len=0"
"405","13.400821","192.168.100.1","192.168.100.102","TCP","134","8888  >  49736 [PSH, ACK] Seq=21197 Ack=276 Win=14600 Len=80"
"406","13.444522","192.168.100.102","192.168.100.1","TCP","54","49736  >  8888 [ACK] Seq=276 Ack=21277 Win=32568 Len=0"
"407","13.447250","192.168.100.1","192.168.100.102","TCP","174","8888  >  49736 [PSH, ACK] Seq=21277 Ack=276 Win=14600 Len=120"
"408","13.491017","192.168.100.102","192.168.100.1","TCP","54","49736  >  8888 [ACK] Seq=276 Ack=21397 Win=32448 Len=0"
"409","13.493987","192.168.100.1","192.168.100.102","TCP","134","8888  >  49736 [PSH, ACK] Seq=21397 Ack=276 Win=14600 Len=80"
"410","13.537602","192.168.100.102","192.168.100.1","TCP","54","49736  >  8888 [ACK] Seq=276 Ack=21477 Win=32368 Len=0"
"411","13.540414","192.168.100.1","192.168.100.102","TCP","238","8888  >  49736 [PSH, ACK] Seq=21477 Ack=276 Win=14600 Len=184"
"412","13.584265","192.168.100.102","192.168.100.1","TCP","54","49736  >  8888 [ACK] Seq=276 Ack=21661 Win=32184 Len=0"
"413","13.757293","192.168.100.102","192.168.100.1","TCP","75","49736  >  8888 [PSH, ACK] Seq=276 Ack=21661 Win=32184 Len=21"
"414","13.793071","192.168.100.1","192.168.100.102","TCP","680","8888  >  49736 [PSH, ACK] Seq=21661 Ack=276 Win=14600 Len=626"
"415","13.833507","192.168.100.102","192.168.100.1","TCP","54","49736  >  8888 [ACK] Seq=297 Ack=22287 Win=31558 Len=0"
"416","13.836843","192.168.100.1","192.168.100.102","TCP","134","8888  >  49736 [PSH, ACK] Seq=22287 Ack=297 Win=14600 Len=80"
"417","13.880313","192.168.100.102","192.168.100.1","TCP","54","49736  >  8888 [ACK] Seq=297 Ack=22367 Win=31478 Len=0"
"418","13.883050","192.168.100.1","192.168.100.102","TCP","134","8888  >  49736 [PSH, ACK] Seq=22367 Ack=297 Win=14600 Len=80"
"419","13.926689","192.168.100.102","192.168.100.1","TCP","54","49736  >  8888 [ACK] Seq=297 Ack=22447 Win=31398 Len=0"
"420","13.929731","192.168.100.1","192.168.100.102","TCP","174","8888  >  49736 [PSH, ACK] Seq=22447 Ack=297 Win=14600 Len=120"
"421","13.972473","192.168.100.102","192.168.100.1","TCP","54","49736  >  8888 [ACK] Seq=297 Ack=22567 Win=32768 Len=0"
"422","13.975572","192.168.100.1","192.168.100.102","TCP","134","8888  >  49736 [PSH, ACK] Seq=22567 Ack=297 Win=14600 Len=80"
"423","14.019350","192.168.100.102","192.168.100.1","TCP","54","49736  >  8888 [ACK] Seq=297 Ack=22647 Win=32688 Len=0"
"424","14.028901","192.168.100.1","192.168.100.102","TCP","134","8888  >  49736 [PSH, ACK] Seq=22647 Ack=297 Win=14600 Len=80"
"425","14.046121","192.168.100.1","192.168.100.102","ICMP","98","Echo (ping) request  id=0x2626, seq=0/0, ttl=64 (reply in 426)"
"426","14.046586","192.168.100.102","192.168.100.1","ICMP","98","Echo (ping) reply    id=0x2626, seq=0/0, ttl=128 (request in 425)"
"427","14.053921","192.168.100.1","192.168.100.255","UDP","86","46573  >  8668 Len=44"
"428","14.081242","192.168.100.102","192.168.100.1","TCP","54","49736  >  8888 [ACK] Seq=297 Ack=22727 Win=32608 Len=0"
"429","14.084240","192.168.100.1","192.168.100.102","TCP","174","8888  >  49736 [PSH, ACK] Seq=22727 Ack=297 Win=14600 Len=120"
"430","14.127311","192.168.100.102","192.168.100.1","TCP","54","49736  >  8888 [ACK] Seq=297 Ack=22847 Win=32488 Len=0"
"431","14.132834","192.168.100.1","192.168.100.102","TCP","134","8888  >  49736 [PSH, ACK] Seq=22847 Ack=297 Win=14600 Len=80"
"432","14.174379","192.168.100.102","192.168.100.1","TCP","54","49736  >  8888 [ACK] Seq=297 Ack=22927 Win=32408 Len=0"
"433","14.177374","192.168.100.1","192.168.100.102","TCP","174","8888  >  49736 [PSH, ACK] Seq=22927 Ack=297 Win=14600 Len=120"
"434","14.220513","192.168.100.102","192.168.100.1","TCP","54","49736  >  8888 [ACK] Seq=297 Ack=23047 Win=32288 Len=0"
"435","14.223588","192.168.100.1","192.168.100.102","TCP","134","8888  >  49736 [PSH, ACK] Seq=23047 Ack=297 Win=14600 Len=80"
"436","14.266812","192.168.100.102","192.168.100.1","TCP","54","49736  >  8888 [ACK] Seq=297 Ack=23127 Win=32208 Len=0"
"437","14.269803","192.168.100.1","192.168.100.102","TCP","134","8888  >  49736 [PSH, ACK] Seq=23127 Ack=297 Win=14600 Len=80"
"438","14.314368","192.168.100.102","192.168.100.1","TCP","54","49736  >  8888 [ACK] Seq=297 Ack=23207 Win=32128 Len=0"
"439","14.317499","192.168.100.1","192.168.100.102","TCP","174","8888  >  49736 [PSH, ACK] Seq=23207 Ack=297 Win=14600 Len=120"
"440","14.361191","192.168.100.102","192.168.100.1","TCP","54","49736  >  8888 [ACK] Seq=297 Ack=23327 Win=32008 Len=0"
"441","14.363875","192.168.100.1","192.168.100.102","TCP","134","8888  >  49736 [PSH, ACK] Seq=23327 Ack=297 Win=14600 Len=80"
"442","14.406584","192.168.100.102","192.168.100.1","TCP","54","49736  >  8888 [ACK] Seq=297 Ack=23407 Win=31928 Len=0"
"443","14.409354","192.168.100.1","192.168.100.102","TCP","134","8888  >  49736 [PSH, ACK] Seq=23407 Ack=297 Win=14600 Len=80"
"444","14.452836","192.168.100.102","192.168.100.1","TCP","54","49736  >  8888 [ACK] Seq=297 Ack=23487 Win=31848 Len=0"
"445","14.456684","192.168.100.1","192.168.100.102","TCP","174","8888  >  49736 [PSH, ACK] Seq=23487 Ack=297 Win=14600 Len=120"
"446","14.500200","192.168.100.102","192.168.100.1","TCP","54","49736  >  8888 [ACK] Seq=297 Ack=23607 Win=31728 Len=0"
"447","14.502885","192.168.100.1","192.168.100.102","TCP","134","8888  >  49736 [PSH, ACK] Seq=23607 Ack=297 Win=14600 Len=80"
"448","14.546192","192.168.100.102","192.168.100.1","TCP","54","49736  >  8888 [ACK] Seq=297 Ack=23687 Win=31648 Len=0"
"449","14.549122","192.168.100.1","192.168.100.102","TCP","134","8888  >  49736 [PSH, ACK] Seq=23687 Ack=297 Win=14600 Len=80"
"450","14.591810","192.168.100.102","192.168.100.1","TCP","54","49736  >  8888 [ACK] Seq=297 Ack=23767 Win=31568 Len=0"
"451","14.594946","192.168.100.1","192.168.100.102","TCP","278","8888  >  49736 [PSH, ACK] Seq=23767 Ack=297 Win=14600 Len=224"
"452","14.637766","192.168.100.102","192.168.100.1","TCP","54","49736  >  8888 [ACK] Seq=297 Ack=23991 Win=31344 Len=0"
"453","14.640550","192.168.100.1","192.168.100.102","TCP","134","8888  >  49736 [PSH, ACK] Seq=23991 Ack=297 Win=14600 Len=80"
"454","14.684897","192.168.100.102","192.168.100.1","TCP","54","49736  >  8888 [ACK] Seq=297 Ack=24071 Win=32768 Len=0"
"455","14.687769","192.168.100.1","192.168.100.102","TCP","134","8888  >  49736 [PSH, ACK] Seq=24071 Ack=297 Win=14600 Len=80"
"456","14.731106","192.168.100.102","192.168.100.1","TCP","54","49736  >  8888 [ACK] Seq=297 Ack=24151 Win=32688 Len=0"
"457","14.733952","192.168.100.1","192.168.100.102","TCP","280","8888  >  49736 [PSH, ACK] Seq=24151 Ack=297 Win=14600 Len=226"
"458","14.763418","192.168.100.102","192.168.100.1","TCP","75","49736  >  8888 [PSH, ACK] Seq=297 Ack=24377 Win=32462 Len=21"
"459","14.766373","192.168.100.1","192.168.100.102","TCP","94","8888  >  49736 [PSH, ACK] Seq=24377 Ack=318 Win=14600 Len=40"
"460","14.808326","192.168.100.102","192.168.100.1","TCP","54","49736  >  8888 [ACK] Seq=318 Ack=24417 Win=32422 Len=0"
"461","15.015860","192.168.100.1","192.168.100.102","TCP","574","8888  >  49736 [PSH, ACK] Seq=24417 Ack=318 Win=14600 Len=520"
"462","15.056170","192.168.100.102","192.168.100.1","TCP","54","49736  >  8888 [ACK] Seq=318 Ack=24937 Win=31902 Len=0"
"463","15.089296","192.168.100.1","192.168.100.102","ICMP","98","Echo (ping) request  id=0x4026, seq=0/0, ttl=64 (reply in 464)"
"464","15.089623","192.168.100.102","192.168.100.1","ICMP","98","Echo (ping) reply    id=0x4026, seq=0/0, ttl=128 (request in 463)"
"465","15.109586","192.168.100.1","192.168.100.102","TCP","214","8888  >  49736 [PSH, ACK] Seq=24937 Ack=318 Win=14600 Len=160"
"466","15.114982","192.168.100.1","192.168.100.255","UDP","86","46573  >  8668 Len=44"
"467","15.163978","192.168.100.102","192.168.100.1","TCP","54","49736  >  8888 [ACK] Seq=318 Ack=25097 Win=31742 Len=0"
"468","15.170038","192.168.100.1","192.168.100.102","TCP","174","8888  >  49736 [PSH, ACK] Seq=25097 Ack=318 Win=14600 Len=120"
"469","15.210845","192.168.100.102","192.168.100.1","TCP","54","49736  >  8888 [ACK] Seq=318 Ack=25217 Win=31622 Len=0"
"470","15.214032","192.168.100.1","192.168.100.102","TCP","134","8888  >  49736 [PSH, ACK] Seq=25217 Ack=318 Win=14600 Len=80"
"471","15.257273","192.168.100.102","192.168.100.1","TCP","54","49736  >  8888 [ACK] Seq=318 Ack=25297 Win=31542 Len=0"
"472","15.260126","192.168.100.1","192.168.100.102","TCP","174","8888  >  49736 [PSH, ACK] Seq=25297 Ack=318 Win=14600 Len=120"
"473","15.303927","192.168.100.102","192.168.100.1","TCP","54","49736  >  8888 [ACK] Seq=318 Ack=25417 Win=31422 Len=0"
"474","15.306771","192.168.100.1","192.168.100.102","TCP","134","8888  >  49736 [PSH, ACK] Seq=25417 Ack=318 Win=14600 Len=80"
"475","15.350077","192.168.100.102","192.168.100.1","TCP","54","49736  >  8888 [ACK] Seq=318 Ack=25497 Win=31342 Len=0"
"476","15.353031","192.168.100.1","192.168.100.102","TCP","134","8888  >  49736 [PSH, ACK] Seq=25497 Ack=318 Win=14600 Len=80"
"477","15.395249","192.168.100.102","192.168.100.1","TCP","54","49736  >  8888 [ACK] Seq=318 Ack=25577 Win=32768 Len=0"
"478","15.399366","192.168.100.1","192.168.100.102","TCP","174","8888  >  49736 [PSH, ACK] Seq=25577 Ack=318 Win=14600 Len=120"
"479","15.442031","192.168.100.102","192.168.100.1","TCP","54","49736  >  8888 [ACK] Seq=318 Ack=25697 Win=32648 Len=0"
"480","15.445024","192.168.100.1","192.168.100.102","TCP","134","8888  >  49736 [PSH, ACK] Seq=25697 Ack=318 Win=14600 Len=80"
"481","15.488140","192.168.100.102","192.168.100.1","TCP","54","49736  >  8888 [ACK] Seq=318 Ack=25777 Win=32568 Len=0"
"482","15.491041","192.168.100.1","192.168.100.102","TCP","134","8888  >  49736 [PSH, ACK] Seq=25777 Ack=318 Win=14600 Len=80"
"483","15.534776","192.168.100.102","192.168.100.1","TCP","54","49736  >  8888 [ACK] Seq=318 Ack=25857 Win=32488 Len=0"
"484","15.537757","192.168.100.1","192.168.100.102","TCP","134","8888  >  49736 [PSH, ACK] Seq=25857 Ack=318 Win=14600 Len=80"
"485","15.580077","192.168.100.102","192.168.100.1","TCP","54","49736  >  8888 [ACK] Seq=318 Ack=25937 Win=32408 Len=0"
"486","15.582797","192.168.100.1","192.168.100.102","TCP","278","8888  >  49736 [PSH, ACK] Seq=25937 Ack=318 Win=14600 Len=224"
"487","15.626411","192.168.100.102","192.168.100.1","TCP","54","49736  >  8888 [ACK] Seq=318 Ack=26161 Win=32184 Len=0"
"488","15.629385","192.168.100.1","192.168.100.102","TCP","134","8888  >  49736 [PSH, ACK] Seq=26161 Ack=318 Win=14600 Len=80"
"489","15.672278","192.168.100.102","192.168.100.1","TCP","54","49736  >  8888 [ACK] Seq=318 Ack=26241 Win=32104 Len=0"
"490","15.675152","192.168.100.1","192.168.100.102","TCP","134","8888  >  49736 [PSH, ACK] Seq=26241 Ack=318 Win=14600 Len=80"
"491","15.718203","192.168.100.102","192.168.100.1","TCP","54","49736  >  8888 [ACK] Seq=318 Ack=26321 Win=32024 Len=0"
"492","15.722225","192.168.100.1","192.168.100.102","TCP","174","8888  >  49736 [PSH, ACK] Seq=26321 Ack=318 Win=14600 Len=120"
"493","15.763934","192.168.100.102","192.168.100.1","TCP","54","49736  >  8888 [ACK] Seq=318 Ack=26441 Win=31904 Len=0"
"494","15.764264","192.168.100.102","192.168.100.1","TCP","75","49736  >  8888 [PSH, ACK] Seq=318 Ack=26441 Win=31904 Len=21"
"495","15.767031","192.168.100.1","192.168.100.102","TCP","240","8888  >  49736 [PSH, ACK] Seq=26441 Ack=318 Win=14600 Len=186"
"496","15.806803","192.168.100.1","192.168.100.102","TCP","54","8888  >  49736 [ACK] Seq=26627 Ack=339 Win=14600 Len=0"
"497","15.810650","192.168.100.102","192.168.100.1","TCP","54","49736  >  8888 [ACK] Seq=339 Ack=26627 Win=31718 Len=0"
"498","15.814054","192.168.100.1","192.168.100.102","TCP","134","8888  >  49736 [PSH, ACK] Seq=26627 Ack=339 Win=14600 Len=80"
"499","15.856600","192.168.100.102","192.168.100.1","TCP","54","49736  >  8888 [ACK] Seq=339 Ack=26707 Win=31638 Len=0"
"500","15.859389","192.168.100.1","192.168.100.102","TCP","174","8888  >  49736 [PSH, ACK] Seq=26707 Ack=339 Win=14600 Len=120"
"501","15.902144","192.168.100.102","192.168.100.1","TCP","54","49736  >  8888 [ACK] Seq=339 Ack=26827 Win=31518 Len=0"
"502","15.904873","192.168.100.1","192.168.100.102","TCP","134","8888  >  49736 [PSH, ACK] Seq=26827 Ack=339 Win=14600 Len=80"
"503","15.948661","192.168.100.102","192.168.100.1","TCP","54","49736  >  8888 [ACK] Seq=339 Ack=26907 Win=31438 Len=0"
"504","15.952720","192.168.100.1","192.168.100.102","TCP","134","8888  >  49736 [PSH, ACK] Seq=26907 Ack=339 Win=14600 Len=80"
"505","15.994540","192.168.100.102","192.168.100.1","TCP","54","49736  >  8888 [ACK] Seq=339 Ack=26987 Win=31358 Len=0"
"506","15.997307","192.168.100.1","192.168.100.102","TCP","174","8888  >  49736 [PSH, ACK] Seq=26987 Ack=339 Win=14600 Len=120"
"507","16.040705","192.168.100.102","192.168.100.1","TCP","54","49736  >  8888 [ACK] Seq=339 Ack=27107 Win=32768 Len=0"
"508","16.146804","192.168.100.1","192.168.100.102","ICMP","98","Echo (ping) request  id=0x5f26, seq=0/0, ttl=64 (reply in 509)"
"509","16.147281","192.168.100.102","192.168.100.1","ICMP","98","Echo (ping) reply    id=0x5f26, seq=0/0, ttl=128 (request in 508)"
"510","16.203625","192.168.100.1","192.168.100.255","UDP","86","46573  >  8668 Len=44"
"511","16.248760","192.168.100.1","192.168.100.102","TCP","534","8888  >  49736 [PSH, ACK] Seq=27107 Ack=339 Win=14600 Len=480"
"512","16.303887","192.168.100.102","192.168.100.1","TCP","54","49736  >  8888 [ACK] Seq=339 Ack=27587 Win=32288 Len=0"
"513","16.307153","192.168.100.1","192.168.100.102","TCP","174","8888  >  49736 [PSH, ACK] Seq=27587 Ack=339 Win=14600 Len=120"
"514","16.350895","192.168.100.102","192.168.100.1","TCP","54","49736  >  8888 [ACK] Seq=339 Ack=27707 Win=32168 Len=0"
"515","16.353704","192.168.100.1","192.168.100.102","TCP","134","8888  >  49736 [PSH, ACK] Seq=27707 Ack=339 Win=14600 Len=80"
"516","16.397263","192.168.100.102","192.168.100.1","TCP","54","49736  >  8888 [ACK] Seq=339 Ack=27787 Win=32088 Len=0"
"517","16.403190","192.168.100.1","192.168.100.102","TCP","134","8888  >  49736 [PSH, ACK] Seq=27787 Ack=339 Win=14600 Len=80"
"518","16.443705","192.168.100.102","192.168.100.1","TCP","54","49736  >  8888 [ACK] Seq=339 Ack=27867 Win=32008 Len=0"
"519","16.447871","192.168.100.1","192.168.100.102","TCP","174","8888  >  49736 [PSH, ACK] Seq=27867 Ack=339 Win=14600 Len=120"
"520","16.490228","192.168.100.102","192.168.100.1","TCP","54","49736  >  8888 [ACK] Seq=339 Ack=27987 Win=31888 Len=0"
"521","16.498751","192.168.100.1","192.168.100.102","TCP","134","8888  >  49736 [PSH, ACK] Seq=27987 Ack=339 Win=14600 Len=80"
"522","16.551632","192.168.100.102","192.168.100.1","TCP","54","49736  >  8888 [ACK] Seq=339 Ack=28067 Win=31808 Len=0"
"523","16.554679","192.168.100.1","192.168.100.102","TCP","174","8888  >  49736 [PSH, ACK] Seq=28067 Ack=339 Win=14600 Len=120"
"524","16.598044","192.168.100.102","192.168.100.1","TCP","54","49736  >  8888 [ACK] Seq=339 Ack=28187 Win=31688 Len=0"
"525","16.600928","192.168.100.1","192.168.100.102","TCP","174","8888  >  49736 [PSH, ACK] Seq=28187 Ack=339 Win=14600 Len=120"
"526","16.645153","192.168.100.102","192.168.100.1","TCP","54","49736  >  8888 [ACK] Seq=339 Ack=28307 Win=31568 Len=0"
"527","16.648327","192.168.100.1","192.168.100.102","TCP","238","8888  >  49736 [PSH, ACK] Seq=28307 Ack=339 Win=14600 Len=184"
"528","16.689823","192.168.100.102","192.168.100.1","TCP","54","49736  >  8888 [ACK] Seq=339 Ack=28491 Win=31384 Len=0"
"529","16.692604","192.168.100.1","192.168.100.102","TCP","134","8888  >  49736 [PSH, ACK] Seq=28491 Ack=339 Win=14600 Len=80"
"530","16.737194","192.168.100.102","192.168.100.1","TCP","54","49736  >  8888 [ACK] Seq=339 Ack=28571 Win=32768 Len=0"
"531","16.740118","192.168.100.1","192.168.100.102","TCP","280","8888  >  49736 [PSH, ACK] Seq=28571 Ack=339 Win=14600 Len=226"
"532","16.767446","192.168.100.102","192.168.100.1","TCP","75","49736  >  8888 [PSH, ACK] Seq=339 Ack=28797 Win=32542 Len=21"
"533","16.772656","192.168.100.1","192.168.100.102","TCP","94","8888  >  49736 [PSH, ACK] Seq=28797 Ack=360 Win=14600 Len=40"
"534","16.813046","192.168.100.102","192.168.100.1","TCP","54","49736  >  8888 [ACK] Seq=360 Ack=28837 Win=32502 Len=0"
"535","16.816237","192.168.100.1","192.168.100.102","TCP","134","8888  >  49736 [PSH, ACK] Seq=28837 Ack=360 Win=14600 Len=80"
"536","16.860393","192.168.100.102","192.168.100.1","TCP","54","49736  >  8888 [ACK] Seq=360 Ack=28917 Win=32422 Len=0"
"537","16.863175","192.168.100.1","192.168.100.102","TCP","174","8888  >  49736 [PSH, ACK] Seq=28917 Ack=360 Win=14600 Len=120"
"538","16.907154","192.168.100.102","192.168.100.1","TCP","54","49736  >  8888 [ACK] Seq=360 Ack=29037 Win=32302 Len=0"
"539","16.910690","192.168.100.1","192.168.100.102","TCP","134","8888  >  49736 [PSH, ACK] Seq=29037 Ack=360 Win=14600 Len=80"
"540","16.952656","192.168.100.102","192.168.100.1","TCP","54","49736  >  8888 [ACK] Seq=360 Ack=29117 Win=32222 Len=0"
"541","16.955593","192.168.100.1","192.168.100.102","TCP","134","8888  >  49736 [PSH, ACK] Seq=29117 Ack=360 Win=14600 Len=80"
"542","16.997990","192.168.100.102","192.168.100.1","TCP","54","49736  >  8888 [ACK] Seq=360 Ack=29197 Win=32142 Len=0"
"543","17.000793","192.168.100.1","192.168.100.102","TCP","174","8888  >  49736 [PSH, ACK] Seq=29197 Ack=360 Win=14600 Len=120"
"544","17.044425","192.168.100.102","192.168.100.1","TCP","54","49736  >  8888 [ACK] Seq=360 Ack=29317 Win=32022 Len=0"
"545","17.047715","192.168.100.1","192.168.100.102","TCP","134","8888  >  49736 [PSH, ACK] Seq=29317 Ack=360 Win=14600 Len=80"
"546","17.090175","192.168.100.102","192.168.100.1","TCP","54","49736  >  8888 [ACK] Seq=360 Ack=29397 Win=31942 Len=0"
"547","17.093039","192.168.100.1","192.168.100.102","TCP","134","8888  >  49736 [PSH, ACK] Seq=29397 Ack=360 Win=14600 Len=80"
"548","17.136325","192.168.100.102","192.168.100.1","TCP","54","49736  >  8888 [ACK] Seq=360 Ack=29477 Win=31862 Len=0"
"549","17.139084","192.168.100.1","192.168.100.102","TCP","134","8888  >  49736 [PSH, ACK] Seq=29477 Ack=360 Win=14600 Len=80"
"550","17.182524","192.168.100.102","192.168.100.1","TCP","54","49736  >  8888 [ACK] Seq=360 Ack=29557 Win=31782 Len=0"
"551","17.185710","192.168.100.1","192.168.100.102","TCP","174","8888  >  49736 [PSH, ACK] Seq=29557 Ack=360 Win=14600 Len=120"
"552","17.229353","192.168.100.102","192.168.100.1","TCP","54","49736  >  8888 [ACK] Seq=360 Ack=29677 Win=31662 Len=0"
"553","17.234246","192.168.100.1","192.168.100.102","TCP","134","8888  >  49736 [PSH, ACK] Seq=29677 Ack=360 Win=14600 Len=80"
"554","17.276733","192.168.100.102","192.168.100.1","TCP","54","49736  >  8888 [ACK] Seq=360 Ack=29757 Win=31582 Len=0"
"555","17.378561","192.168.100.1","192.168.100.102","ICMP","98","Echo (ping) request  id=0x7b26, seq=0/0, ttl=64 (reply in 556)"
"556","17.379004","192.168.100.102","192.168.100.1","ICMP","98","Echo (ping) reply    id=0x7b26, seq=0/0, ttl=128 (request in 555)"
"557","17.444458","192.168.100.1","192.168.100.255","UDP","86","46573  >  8668 Len=44"
"558","17.482657","192.168.100.1","192.168.100.102","TCP","534","8888  >  49736 [PSH, ACK] Seq=29757 Ack=360 Win=14600 Len=480"
"559","17.524665","192.168.100.102","192.168.100.1","TCP","54","49736  >  8888 [ACK] Seq=360 Ack=30237 Win=32768 Len=0"
"560","17.529136","192.168.100.1","192.168.100.102","TCP","134","8888  >  49736 [PSH, ACK] Seq=30237 Ack=360 Win=14600 Len=80"
"561","17.570036","192.168.100.102","192.168.100.1","TCP","54","49736  >  8888 [ACK] Seq=360 Ack=30317 Win=32688 Len=0"
"562","17.573066","192.168.100.1","192.168.100.102","TCP","134","8888  >  49736 [PSH, ACK] Seq=30317 Ack=360 Win=14600 Len=80"
"563","17.615463","192.168.100.102","192.168.100.1","TCP","54","49736  >  8888 [ACK] Seq=360 Ack=30397 Win=32608 Len=0"
"564","17.618193","192.168.100.1","192.168.100.102","TCP","174","8888  >  49736 [PSH, ACK] Seq=30397 Ack=360 Win=14600 Len=120"
"565","17.662127","192.168.100.102","192.168.100.1","TCP","54","49736  >  8888 [ACK] Seq=360 Ack=30517 Win=32488 Len=0"
"566","17.667150","192.168.100.1","192.168.100.102","TCP","238","8888  >  49736 [PSH, ACK] Seq=30517 Ack=360 Win=14600 Len=184"
"567","17.707339","192.168.100.102","192.168.100.1","TCP","54","49736  >  8888 [ACK] Seq=360 Ack=30701 Win=32304 Len=0"
"568","17.712368","192.168.100.1","192.168.100.102","TCP","174","8888  >  49736 [PSH, ACK] Seq=30701 Ack=360 Win=14600 Len=120"
"569","17.754625","192.168.100.102","192.168.100.1","TCP","54","49736  >  8888 [ACK] Seq=360 Ack=30821 Win=32184 Len=0"
"570","17.757680","192.168.100.1","192.168.100.102","TCP","240","8888  >  49736 [PSH, ACK] Seq=30821 Ack=360 Win=14600 Len=186"
"571","17.771235","192.168.100.102","192.168.100.1","TCP","75","49736  >  8888 [PSH, ACK] Seq=360 Ack=31007 Win=31998 Len=21"
"572","17.774169","192.168.100.1","192.168.100.102","TCP","94","8888  >  49736 [PSH, ACK] Seq=31007 Ack=381 Win=14600 Len=40"
"573","17.816832","192.168.100.102","192.168.100.1","TCP","54","49736  >  8888 [ACK] Seq=381 Ack=31047 Win=31958 Len=0"
"574","17.820183","192.168.100.1","192.168.100.102","TCP","134","8888  >  49736 [PSH, ACK] Seq=31047 Ack=381 Win=14600 Len=80"
"575","17.863498","192.168.100.102","192.168.100.1","TCP","54","49736  >  8888 [ACK] Seq=381 Ack=31127 Win=31878 Len=0"
"576","17.867083","192.168.100.1","192.168.100.102","TCP","134","8888  >  49736 [PSH, ACK] Seq=31127 Ack=381 Win=14600 Len=80"
"577","17.909896","192.168.100.102","192.168.100.1","TCP","54","49736  >  8888 [ACK] Seq=381 Ack=31207 Win=31798 Len=0"
"578","17.913469","192.168.100.1","192.168.100.102","TCP","174","8888  >  49736 [PSH, ACK] Seq=31207 Ack=381 Win=14600 Len=120"
"579","17.956218","192.168.100.102","192.168.100.1","TCP","54","49736  >  8888 [ACK] Seq=381 Ack=31327 Win=31678 Len=0"
"580","17.959223","192.168.100.1","192.168.100.102","TCP","134","8888  >  49736 [PSH, ACK] Seq=31327 Ack=381 Win=14600 Len=80"
"581","18.001326","192.168.100.102","192.168.100.1","TCP","54","49736  >  8888 [ACK] Seq=381 Ack=31407 Win=31598 Len=0"
"582","18.004193","192.168.100.1","192.168.100.102","TCP","134","8888  >  49736 [PSH, ACK] Seq=31407 Ack=381 Win=14600 Len=80"
"583","18.047663","192.168.100.102","192.168.100.1","TCP","54","49736  >  8888 [ACK] Seq=381 Ack=31487 Win=31518 Len=0"
"584","18.051069","192.168.100.1","192.168.100.102","TCP","174","8888  >  49736 [PSH, ACK] Seq=31487 Ack=381 Win=14600 Len=120"
"585","18.092960","192.168.100.102","192.168.100.1","TCP","54","49736  >  8888 [ACK] Seq=381 Ack=31607 Win=31398 Len=0"
"586","18.096375","192.168.100.1","192.168.100.102","TCP","134","8888  >  49736 [PSH, ACK] Seq=31607 Ack=381 Win=14600 Len=80"
"587","18.139644","192.168.100.102","192.168.100.1","TCP","54","49736  >  8888 [ACK] Seq=381 Ack=31687 Win=31318 Len=0"
"588","18.142406","192.168.100.1","192.168.100.102","TCP","134","8888  >  49736 [PSH, ACK] Seq=31687 Ack=381 Win=14600 Len=80"
"589","18.185850","192.168.100.102","192.168.100.1","TCP","54","49736  >  8888 [ACK] Seq=381 Ack=31767 Win=32768 Len=0"
"590","18.188733","192.168.100.1","192.168.100.102","TCP","134","8888  >  49736 [PSH, ACK] Seq=31767 Ack=381 Win=14600 Len=80"
"591","18.232904","192.168.100.102","192.168.100.1","TCP","54","49736  >  8888 [ACK] Seq=381 Ack=31847 Win=32688 Len=0"
"592","18.236167","192.168.100.1","192.168.100.102","TCP","134","8888  >  49736 [PSH, ACK] Seq=31847 Ack=381 Win=14600 Len=80"
"593","18.279675","192.168.100.102","192.168.100.1","TCP","54","49736  >  8888 [ACK] Seq=381 Ack=31927 Win=32608 Len=0"
"594","18.283029","192.168.100.1","192.168.100.102","TCP","174","8888  >  49736 [PSH, ACK] Seq=31927 Ack=381 Win=14600 Len=120"
"595","18.325184","192.168.100.102","192.168.100.1","TCP","54","49736  >  8888 [ACK] Seq=381 Ack=32047 Win=32488 Len=0"
"596","18.328455","192.168.100.1","192.168.100.102","TCP","134","8888  >  49736 [PSH, ACK] Seq=32047 Ack=381 Win=14600 Len=80"
"597","18.371625","192.168.100.102","192.168.100.1","TCP","54","49736  >  8888 [ACK] Seq=381 Ack=32127 Win=32408 Len=0"
"598","18.374569","192.168.100.1","192.168.100.102","TCP","134","8888  >  49736 [PSH, ACK] Seq=32127 Ack=381 Win=14600 Len=80"
"599","18.418501","192.168.100.102","192.168.100.1","TCP","54","49736  >  8888 [ACK] Seq=381 Ack=32207 Win=32328 Len=0"
"600","18.421801","192.168.100.1","192.168.100.102","TCP","174","8888  >  49736 [PSH, ACK] Seq=32207 Ack=381 Win=14600 Len=120"
"601","18.464660","192.168.100.102","192.168.100.1","TCP","54","49736  >  8888 [ACK] Seq=381 Ack=32327 Win=32208 Len=0"
"602","18.468252","192.168.100.1","192.168.100.102","TCP","134","8888  >  49736 [PSH, ACK] Seq=32327 Ack=381 Win=14600 Len=80"
"603","18.510475","192.168.100.102","192.168.100.1","TCP","54","49736  >  8888 [ACK] Seq=381 Ack=32407 Win=32128 Len=0"
"604","18.602422","192.168.100.1","192.168.100.102","ICMP","98","Echo (ping) request  id=0x9b26, seq=0/0, ttl=64 (reply in 605)"
"605","18.602834","192.168.100.102","192.168.100.1","ICMP","98","Echo (ping) reply    id=0x9b26, seq=0/0, ttl=128 (request in 604)"
"606","18.668206","192.168.100.1","192.168.100.255","UDP","86","46573  >  8668 Len=44"
"607","18.718739","192.168.100.1","192.168.100.102","TCP","678","8888  >  49736 [PSH, ACK] Seq=32407 Ack=381 Win=14600 Len=624"
"608","18.769959","192.168.100.102","192.168.100.1","TCP","54","49736  >  8888 [ACK] Seq=381 Ack=33031 Win=31504 Len=0"
"609","18.772903","192.168.100.1","192.168.100.102","TCP","240","8888  >  49736 [PSH, ACK] Seq=33031 Ack=381 Win=14600 Len=186"
"610","18.786129","192.168.100.102","192.168.100.1","TCP","75","49736  >  8888 [PSH, ACK] Seq=381 Ack=33217 Win=31318 Len=21"
"611","18.789113","192.168.100.1","192.168.100.102","TCP","94","8888  >  49736 [PSH, ACK] Seq=33217 Ack=402 Win=14600 Len=40"
"612","18.832572","192.168.100.102","192.168.100.1","TCP","54","49736  >  8888 [ACK] Seq=402 Ack=33257 Win=32768 Len=0"
"613","18.835702","192.168.100.1","192.168.100.102","TCP","174","8888  >  49736 [PSH, ACK] Seq=33257 Ack=402 Win=14600 Len=120"
"614","18.878410","192.168.100.102","192.168.100.1","TCP","54","49736  >  8888 [ACK] Seq=402 Ack=33377 Win=32648 Len=0"
"615","18.881244","192.168.100.1","192.168.100.102","TCP","134","8888  >  49736 [PSH, ACK] Seq=33377 Ack=402 Win=14600 Len=80"
"616","18.925793","192.168.100.102","192.168.100.1","TCP","54","49736  >  8888 [ACK] Seq=402 Ack=33457 Win=32568 Len=0"
"617","18.928558","192.168.100.1","192.168.100.102","TCP","134","8888  >  49736 [PSH, ACK] Seq=33457 Ack=402 Win=14600 Len=80"
"618","18.971472","192.168.100.102","192.168.100.1","TCP","54","49736  >  8888 [ACK] Seq=402 Ack=33537 Win=32488 Len=0"
"619","18.974215","192.168.100.1","192.168.100.102","TCP","174","8888  >  49736 [PSH, ACK] Seq=33537 Ack=402 Win=14600 Len=120"
"620","19.018231","192.168.100.102","192.168.100.1","TCP","54","49736  >  8888 [ACK] Seq=402 Ack=33657 Win=32368 Len=0"
"621","19.024046","192.168.100.1","192.168.100.102","TCP","134","8888  >  49736 [PSH, ACK] Seq=33657 Ack=402 Win=14600 Len=80"
"622","19.063986","192.168.100.102","192.168.100.1","TCP","54","49736  >  8888 [ACK] Seq=402 Ack=33737 Win=32288 Len=0"
"623","19.067387","192.168.100.1","192.168.100.102","TCP","134","8888  >  49736 [PSH, ACK] Seq=33737 Ack=402 Win=14600 Len=80"
"624","19.111669","192.168.100.102","192.168.100.1","TCP","54","49736  >  8888 [ACK] Seq=402 Ack=33817 Win=32208 Len=0"
"625","19.114482","192.168.100.1","192.168.100.102","TCP","174","8888  >  49736 [PSH, ACK] Seq=33817 Ack=402 Win=14600 Len=120"
"626","19.157448","192.168.100.102","192.168.100.1","TCP","54","49736  >  8888 [ACK] Seq=402 Ack=33937 Win=32088 Len=0"
"627","19.160238","192.168.100.1","192.168.100.102","TCP","134","8888  >  49736 [PSH, ACK] Seq=33937 Ack=402 Win=14600 Len=80"
"628","19.203657","192.168.100.102","192.168.100.1","TCP","54","49736  >  8888 [ACK] Seq=402 Ack=34017 Win=32008 Len=0"
"629","19.207033","192.168.100.1","192.168.100.102","TCP","134","8888  >  49736 [PSH, ACK] Seq=34017 Ack=402 Win=14600 Len=80"
"630","19.250493","192.168.100.102","192.168.100.1","TCP","54","49736  >  8888 [ACK] Seq=402 Ack=34097 Win=31928 Len=0"
"631","19.253377","192.168.100.1","192.168.100.102","TCP","134","8888  >  49736 [PSH, ACK] Seq=34097 Ack=402 Win=14600 Len=80"
"632","19.296286","192.168.100.102","192.168.100.1","TCP","54","49736  >  8888 [ACK] Seq=402 Ack=34177 Win=31848 Len=0"
"633","19.300992","192.168.100.1","192.168.100.102","TCP","134","8888  >  49736 [PSH, ACK] Seq=34177 Ack=402 Win=14600 Len=80"
"634","19.342967","192.168.100.102","192.168.100.1","TCP","54","49736  >  8888 [ACK] Seq=402 Ack=34257 Win=31768 Len=0"
"635","19.345790","192.168.100.1","192.168.100.102","TCP","174","8888  >  49736 [PSH, ACK] Seq=34257 Ack=402 Win=14600 Len=120"
"636","19.389745","192.168.100.102","192.168.100.1","TCP","54","49736  >  8888 [ACK] Seq=402 Ack=34377 Win=31648 Len=0"
"637","19.392687","192.168.100.1","192.168.100.102","TCP","134","8888  >  49736 [PSH, ACK] Seq=34377 Ack=402 Win=14600 Len=80"
"638","19.436475","192.168.100.102","192.168.100.1","TCP","54","49736  >  8888 [ACK] Seq=402 Ack=34457 Win=31568 Len=0"
"639","19.439170","192.168.100.1","192.168.100.102","TCP","134","8888  >  49736 [PSH, ACK] Seq=34457 Ack=402 Win=14600 Len=80"
"640","19.483636","192.168.100.102","192.168.100.1","TCP","54","49736  >  8888 [ACK] Seq=402 Ack=34537 Win=31488 Len=0"
"641","19.486636","192.168.100.1","192.168.100.102","TCP","174","8888  >  49736 [PSH, ACK] Seq=34537 Ack=402 Win=14600 Len=120"
"642","19.531527","192.168.100.102","192.168.100.1","TCP","54","49736  >  8888 [ACK] Seq=402 Ack=34657 Win=31368 Len=0"
"643","19.537547","192.168.100.1","192.168.100.102","TCP","134","8888  >  49736 [PSH, ACK] Seq=34657 Ack=402 Win=14600 Len=80"
"644","19.578145","192.168.100.102","192.168.100.1","TCP","54","49736  >  8888 [ACK] Seq=402 Ack=34737 Win=32768 Len=0"
"645","19.580853","192.168.100.1","192.168.100.102","TCP","174","8888  >  49736 [PSH, ACK] Seq=34737 Ack=402 Win=14600 Len=120"
"646","19.625582","192.168.100.102","192.168.100.1","TCP","54","49736  >  8888 [ACK] Seq=402 Ack=34857 Win=32648 Len=0"
"647","19.628580","192.168.100.1","192.168.100.102","TCP","134","8888  >  49736 [PSH, ACK] Seq=34857 Ack=402 Win=14600 Len=80"
"648","19.672909","192.168.100.102","192.168.100.1","TCP","54","49736  >  8888 [ACK] Seq=402 Ack=34937 Win=32568 Len=0"
"649","19.676543","192.168.100.1","192.168.100.102","TCP","238","8888  >  49736 [PSH, ACK] Seq=34937 Ack=402 Win=14600 Len=184"
"650","19.719002","192.168.100.102","192.168.100.1","TCP","54","49736  >  8888 [ACK] Seq=402 Ack=35121 Win=32384 Len=0"
"651","19.722194","192.168.100.1","192.168.100.102","TCP","174","8888  >  49736 [PSH, ACK] Seq=35121 Ack=402 Win=14600 Len=120"
"652","19.728054","192.168.100.1","192.168.100.102","ICMP","98","Echo (ping) request  id=0xbb26, seq=0/0, ttl=64 (reply in 653)"
"653","19.728519","192.168.100.102","192.168.100.1","ICMP","98","Echo (ping) reply    id=0xbb26, seq=0/0, ttl=128 (request in 652)"
"654","19.744805","192.168.100.1","192.168.100.255","UDP","86","46573  >  8668 Len=44"
"655","19.765450","192.168.100.102","192.168.100.1","TCP","54","49736  >  8888 [ACK] Seq=402 Ack=35241 Win=32264 Len=0"
"656","19.768719","192.168.100.1","192.168.100.102","TCP","240","8888  >  49736 [PSH, ACK] Seq=35241 Ack=402 Win=14600 Len=186"
"657","19.797481","192.168.100.102","192.168.100.1","TCP","54","49736  >  8888 [RST, ACK] Seq=402 Ack=35427 Win=0 Len=0"
"658","20.739575","192.168.100.1","192.168.100.255","UDP","86","46573  >  8668 Len=44"
"659","21.742236","192.168.100.1","192.168.100.255","UDP","86","46573  >  8668 Len=44"
"660","22.740372","192.168.100.1","192.168.100.255","UDP","86","46573  >  8668 Len=44"
"661","23.740836","192.168.100.1","192.168.100.255","UDP","86","46573  >  8668 Len=44"
"662","24.742217","192.168.100.1","192.168.100.255","UDP","86","46573  >  8668 Len=44"
"663","25.741288","192.168.100.1","192.168.100.255","UDP","86","46573  >  8668 Len=44"
"664","26.741719","192.168.100.1","192.168.100.255","UDP","86","46573  >  8668 Len=44"
"665","27.742176","192.168.100.1","192.168.100.255","UDP","86","46573  >  8668 Len=44"
"666","28.742424","192.168.100.1","192.168.100.255","UDP","86","46573  >  8668 Len=44"
"667","29.743415","192.168.100.1","192.168.100.255","UDP","86","46573  >  8668 Len=44"
"668","30.743461","192.168.100.1","192.168.100.255","UDP","86","46573  >  8668 Len=44"
"669","31.743845","192.168.100.1","192.168.100.255","UDP","86","46573  >  8668 Len=44"
"670","32.745858","192.168.100.1","192.168.100.255","UDP","86","46573  >  8668 Len=44"
"671","33.744365","192.168.100.1","192.168.100.255","UDP","86","46573  >  8668 Len=44"
"672","34.744480","192.168.100.1","192.168.100.255","UDP","86","46573  >  8668 Len=44"
"673","35.744787","192.168.100.1","192.168.100.255","UDP","86","46573  >  8668 Len=44"
"674","37.745513","192.168.100.1","192.168.100.255","UDP","86","46573  >  8668 Len=44"
"675","38.745621","192.168.100.1","192.168.100.255","UDP","86","46573  >  8668 Len=44"
"676","39.748797","192.168.100.1","192.168.100.255","UDP","86","46573  >  8668 Len=44"
"677","40.746447","192.168.100.1","192.168.100.255","UDP","86","46573  >  8668 Len=44"
"678","41.895542","192.168.100.102","224.0.0.251","MDNS","80","Standard query 0x0000 A NAS-JG-Schreib.local, ""QM"" question"
"679","41.896274","fe80::69a5:ccfc:54ae:f895","ff02::fb","MDNS","100","Standard query 0x0000 A NAS-JG-Schreib.local, ""QM"" question"
"680","41.896907","192.168.100.102","224.0.0.251","MDNS","80","Standard query 0x0000 A NAS-JG-Schreib.local, ""QM"" question"
"681","41.897386","fe80::69a5:ccfc:54ae:f895","ff02::fb","MDNS","100","Standard query 0x0000 A NAS-JG-Schreib.local, ""QM"" question"
"682","41.897925","192.168.100.102","224.0.0.251","MDNS","80","Standard query 0x0000 AAAA NAS-JG-Schreib.local, ""QU"" question"
"683","41.898337","fe80::69a5:ccfc:54ae:f895","ff02::fb","MDNS","100","Standard query 0x0000 AAAA NAS-JG-Schreib.local, ""QU"" question"
"684","41.899048","192.168.100.102","224.0.0.251","MDNS","80","Standard query 0x0000 AAAA NAS-JG-Schreib.local, ""QU"" question"
"685","41.899509","fe80::69a5:ccfc:54ae:f895","ff02::fb","MDNS","100","Standard query 0x0000 AAAA NAS-JG-Schreib.local, ""QU"" question"
"686","41.903484","192.168.100.102","224.0.0.251","MDNS","80","Standard query 0x0000 A NAS-JG-Schreib.local, ""QM"" question"
"687","41.903981","fe80::69a5:ccfc:54ae:f895","ff02::fb","MDNS","100","Standard query 0x0000 A NAS-JG-Schreib.local, ""QM"" question"
"688","41.904568","192.168.100.102","224.0.0.251","MDNS","80","Standard query 0x0000 AAAA NAS-JG-Schreib.local, ""QU"" question"
"689","41.904978","fe80::69a5:ccfc:54ae:f895","ff02::fb","MDNS","100","Standard query 0x0000 AAAA NAS-JG-Schreib.local, ""QU"" question"
"690","42.314087","192.168.100.102","224.0.0.251","MDNS","80","Standard query 0x0000 A NAS-JG-Schreib.local, ""QM"" question"
"691","42.314219","192.168.100.102","192.168.100.255","NBNS","92","Name query NB NAS-JG-SCHREIB<20>"
"692","42.315052","fe80::69a5:ccfc:54ae:f895","ff02::1:3","LLMNR","94","Standard query 0xb09c A NAS-JG-Schreib"
"693","42.315156","192.168.100.102","224.0.0.252","LLMNR","74","Standard query 0xb09c A NAS-JG-Schreib"
"694","42.315591","fe80::69a5:ccfc:54ae:f895","ff02::1:3","LLMNR","94","Standard query 0x4134 AAAA NAS-JG-Schreib"
"695","42.315681","192.168.100.102","224.0.0.252","LLMNR","74","Standard query 0x4134 AAAA NAS-JG-Schreib"
"696","42.316194","fe80::69a5:ccfc:54ae:f895","ff02::fb","MDNS","100","Standard query 0x0000 A NAS-JG-Schreib.local, ""QM"" question"
"697","42.317555","192.168.100.102","224.0.0.251","MDNS","80","Standard query 0x0000 AAAA NAS-JG-Schreib.local, ""QM"" question"
"698","42.319186","fe80::69a5:ccfc:54ae:f895","ff02::fb","MDNS","100","Standard query 0x0000 AAAA NAS-JG-Schreib.local, ""QM"" question"
"699","42.320620","192.168.100.102","224.0.0.251","MDNS","80","Standard query 0x0000 A NAS-JG-Schreib.local, ""QM"" question"
"700","42.322293","fe80::69a5:ccfc:54ae:f895","ff02::fb","MDNS","100","Standard query 0x0000 A NAS-JG-Schreib.local, ""QM"" question"
"701","42.323577","192.168.100.102","224.0.0.251","MDNS","80","Standard query 0x0000 A NAS-JG-Schreib.local, ""QM"" question"
"702","42.325148","fe80::69a5:ccfc:54ae:f895","ff02::fb","MDNS","100","Standard query 0x0000 A NAS-JG-Schreib.local, ""QM"" question"
"703","42.326450","192.168.100.102","224.0.0.251","MDNS","80","Standard query 0x0000 AAAA NAS-JG-Schreib.local, ""QM"" question"
"704","42.328167","fe80::69a5:ccfc:54ae:f895","ff02::fb","MDNS","100","Standard query 0x0000 AAAA NAS-JG-Schreib.local, ""QM"" question"
"705","42.329503","192.168.100.102","224.0.0.251","MDNS","80","Standard query 0x0000 AAAA NAS-JG-Schreib.local, ""QM"" question"
"706","42.331113","fe80::69a5:ccfc:54ae:f895","ff02::fb","MDNS","100","Standard query 0x0000 AAAA NAS-JG-Schreib.local, ""QM"" question"
"707","42.730802","fe80::69a5:ccfc:54ae:f895","ff02::1:3","LLMNR","94","Standard query 0x4134 AAAA NAS-JG-Schreib"
"708","42.730802","fe80::69a5:ccfc:54ae:f895","ff02::1:3","LLMNR","94","Standard query 0xb09c A NAS-JG-Schreib"
"709","42.730913","192.168.100.102","224.0.0.252","LLMNR","74","Standard query 0xb09c A NAS-JG-Schreib"
"710","42.731016","192.168.100.102","224.0.0.252","LLMNR","74","Standard query 0x4134 AAAA NAS-JG-Schreib"
"711","42.731663","192.168.100.102","224.0.0.251","MDNS","80","Standard query 0x0000 AAAA NAS-JG-Schreib.local, ""QU"" question"
"712","42.733359","fe80::69a5:ccfc:54ae:f895","ff02::fb","MDNS","100","Standard query 0x0000 AAAA NAS-JG-Schreib.local, ""QU"" question"
"713","42.734553","192.168.100.102","224.0.0.251","MDNS","80","Standard query 0x0000 A NAS-JG-Schreib.local, ""QM"" question"
"714","42.736213","fe80::69a5:ccfc:54ae:f895","ff02::fb","MDNS","100","Standard query 0x0000 A NAS-JG-Schreib.local, ""QM"" question"
"715","42.746734","192.168.100.102","224.0.0.251","MDNS","80","Standard query 0x0000 A NAS-JG-Schreib.local, ""QM"" question"
"716","42.748845","192.168.100.102","224.0.0.251","MDNS","80","Standard query 0x0000 A NAS-JG-Schreib.local, ""QM"" question"
"717","42.750247","fe80::69a5:ccfc:54ae:f895","ff02::fb","MDNS","100","Standard query 0x0000 A NAS-JG-Schreib.local, ""QM"" question"
"718","42.751445","192.168.100.102","224.0.0.251","MDNS","80","Standard query 0x0000 AAAA NAS-JG-Schreib.local, ""QU"" question"
"719","42.752929","fe80::69a5:ccfc:54ae:f895","ff02::fb","MDNS","100","Standard query 0x0000 AAAA NAS-JG-Schreib.local, ""QU"" question"
"720","42.753711","fe80::69a5:ccfc:54ae:f895","ff02::fb","MDNS","100","Standard query 0x0000 A NAS-JG-Schreib.local, ""QM"" question"
"721","42.755000","192.168.100.102","224.0.0.251","MDNS","80","Standard query 0x0000 AAAA NAS-JG-Schreib.local, ""QU"" question"
"722","42.756414","fe80::69a5:ccfc:54ae:f895","ff02::fb","MDNS","100","Standard query 0x0000 AAAA NAS-JG-Schreib.local, ""QU"" question"
"723","43.070536","192.168.100.102","192.168.100.255","NBNS","92","Name query NB NAS-JG-SCHREIB<20>"
"724","43.747358","192.168.100.1","192.168.100.255","UDP","86","46573  >  8668 Len=44"
"725","43.830443","192.168.100.102","192.168.100.255","NBNS","92","Name query NB NAS-JG-SCHREIB<20>"
"726","44.747482","192.168.100.1","192.168.100.255","UDP","86","46573  >  8668 Len=44"
"727","45.751305","192.168.100.1","192.168.100.255","UDP","86","46573  >  8668 Len=44"
"728","46.748032","192.168.100.1","192.168.100.255","UDP","86","46573  >  8668 Len=44"
"729","47.749050","192.168.100.1","192.168.100.255","UDP","86","46573  >  8668 Len=44"
"730","47.787048","DLinkInterna_ca:55:b2","Broadcast","ARP","42","Who has 192.168.100.1? Tell 192.168.100.102"
"731","47.790971","9a:03:cf:50:1f:ac","DLinkInterna_ca:55:b2","ARP","42","192.168.100.1 is at 9a:03:cf:50:1f:ac"
"732","47.800516","192.168.100.102","192.168.100.1","DNS","76","Standard query 0x9a91 A dns.msftncsi.com"
"733","47.803358","192.168.100.1","192.168.100.102","DNS","76","Standard query response 0x9a91 Refused A dns.msftncsi.com"
"734","48.321129","192.168.100.102","192.168.100.1","DNS","83","Standard query 0xb7d6 A www.msftconnecttest.com"
"735","48.321342","192.168.100.102","192.168.100.1","DNS","83","Standard query 0x6fff A www.msftconnecttest.com"
"736","48.325470","192.168.100.1","192.168.100.102","DNS","83","Standard query response 0xb7d6 Refused A www.msftconnecttest.com"
"737","48.325470","192.168.100.1","192.168.100.102","DNS","83","Standard query response 0x6fff Refused A www.msftconnecttest.com"
"738","49.750496","192.168.100.1","192.168.100.255","UDP","86","46573  >  8668 Len=44"
"739","50.750153","192.168.100.1","192.168.100.255","UDP","86","46573  >  8668 Len=44"
"740","51.750329","192.168.100.1","192.168.100.255","UDP","86","46573  >  8668 Len=44"
"741","52.750681","192.168.100.1","192.168.100.255","UDP","86","46573  >  8668 Len=44"
"742","52.954301","192.168.100.102","224.0.0.251","MDNS","204","Standard query response 0x0000 PTR HP-JG._dosvc._tcp.local SRV 0 0 7680 HP-JG.local TXT"
"743","52.955552","fe80::69a5:ccfc:54ae:f895","ff02::fb","MDNS","224","Standard query response 0x0000 PTR HP-JG._dosvc._tcp.local SRV 0 0 7680 HP-JG.local TXT"
"744","52.958116","192.168.100.102","224.0.0.251","MDNS","83","Standard query 0x0000 ANY HP-JG._dosvc._tcp.local, ""QM"" question"
"745","52.958994","fe80::69a5:ccfc:54ae:f895","ff02::fb","MDNS","103","Standard query 0x0000 ANY HP-JG._dosvc._tcp.local, ""QM"" question"
"746","53.217278","192.168.100.102","224.0.0.251","MDNS","83","Standard query 0x0000 ANY HP-JG._dosvc._tcp.local, ""QM"" question"
"747","53.218198","fe80::69a5:ccfc:54ae:f895","ff02::fb","MDNS","103","Standard query 0x0000 ANY HP-JG._dosvc._tcp.local, ""QM"" question"
"748","53.482259","192.168.100.102","224.0.0.251","MDNS","83","Standard query 0x0000 ANY HP-JG._dosvc._tcp.local, ""QM"" question"
"749","53.483315","fe80::69a5:ccfc:54ae:f895","ff02::fb","MDNS","103","Standard query 0x0000 ANY HP-JG._dosvc._tcp.local, ""QM"" question"
"750","53.747023","192.168.100.102","224.0.0.251","MDNS","259","Standard query response 0x0000 PTR, cache flush HP-JG._dosvc._tcp.local SRV, cache flush 0 0 7680 HP-JG.local TXT, cache flush A, cache flush 192.168.100.102 AAAA, cache flush fe80::69a5:ccfc:54ae:f895"
"751","53.749015","192.168.100.102","224.0.0.251","MDNS","205","Standard query response 0x0000 SRV, cache flush 0 0 7680 HP-JG.local TXT, cache flush A, cache flush 192.168.100.102 AAAA, cache flush fe80::69a5:ccfc:54ae:f895"
"752","53.750450","192.168.100.1","192.168.100.255","UDP","86","46573  >  8668 Len=44"
"753","55.752720","192.168.100.1","192.168.100.255","UDP","86","46573  >  8668 Len=44"
"754","56.753182","192.168.100.1","192.168.100.255","UDP","86","46573  >  8668 Len=44"
